Time,VX
0,0.00
0.01,0.00
0.02,0.00
0.03,0.00
0.04,0.00
0.05,0.00
0.06,0.00
0.07,0.00
0.08,0.00
0.09,0.00
0.1,0.00
0.11,0.00
0.12,0.00
0.13,0.00
0.14,0.00
0.15,0.00
0.16,0.00
0.17,0.00
0.18,0.01
0.19,0.03
0.2,0.04
0.21,0.05
0.22,0.07
0.23,0.09
0.24,0.11
0.25,0.13
0.26,0.14
0.27,0.16
0.28,0.18
0.29,0.20
0.3,0.22
0.31,0.24
0.32,0.26
0.33,0.28
0.34,0.31
0.35,0.34
0.36,0.36
0.37,0.38
0.38,0.40
0.39,0.48
0.4,0.56
0.41,0.60
0.42,0.62
0.43,0.65
0.44,0.69
0.45,0.71
0.46,0.72
0.47,0.72
0.48,0.76
0.49,1.14
0.5,1.14
0.51,17.27
0.52,39.39
0.53,66.20
0.54,96.02
0.55,129.36
0.56,166.59
0.57,206.54
0.58,246.73
0.59,284.98
0.6,320.01
0.61,350.60
0.62,376.39
0.63,397.62
0.64,414.47
0.65,427.60
0.66,436.82
0.67,442.13
0.68,443.30
0.69,440.55
0.7,433.26
0.71,421.93
0.72,409.08
0.73,395.75
0.74,383.54
0.75,374.93
0.76,368.82
0.77,368.82
0.78,369.93
0.79,372.48
0.8,372.48
0.81,372.48
0.82,364.93
0.83,357.87
0.84,355.21
0.85,355.21
0.86,354.44
0.87,354.44
0.88,350.35
0.89,345.88
0.9,341.12
0.91,335.64
0.92,328.67
0.93,320.51
0.94,311.73
0.95,300.43
0.96,288.67
0.97,276.19
0.98,263.50
0.99,253.02
1,243.45
1.01,235.60
1.02,229.42
1.03,224.86
1.04,221.27
1.05,221.27
1.06,218.98
1.07,217.12
1.08,215.82
1.09,215.13
1.1,215.31
1.11,216.42
1.12,218.20
1.13,220.56
1.14,223.33
1.15,223.33
1.16,227.93
1.17,233.02
1.18,238.29
1.19,243.40
1.2,248.50
1.21,253.52
1.22,258.64
1.23,263.70
1.24,268.11
1.25,268.11
1.26,267.97
1.27,267.97
1.28,263.28
1.29,258.20
1.3,253.59
1.31,249.47
1.32,245.39
1.33,240.86
1.34,235.57
1.35,229.25
1.36,221.68
1.37,212.43
1.38,201.07
1.39,187.53
1.4,172.02
1.41,155.23
1.42,138.07
1.43,120.96
1.44,104.12
1.45,87.76
1.46,71.23
1.47,53.90
1.48,35.55
1.49,15.79
1.5,0.03
1.51,-10.80
1.52,-10.80
1.53,-10.78
1.54,-10.78
1.55,-10.82
1.56,-10.88
1.57,-10.94
1.58,-10.92
1.59,-10.88
1.6,-10.86
1.61,-10.88
1.62,-10.91
1.63,-10.93
1.64,-10.96
1.65,-10.99
1.66,-11.02
1.67,-11.05
1.68,-11.05
1.69,-19.36
1.7,-28.74
1.71,-38.92
1.72,-45.57
1.73,-49.26
1.74,-50.65
1.75,-46.92
1.76,-35.01
1.77,-12.72
1.78,18.56
1.79,56.11
1.8,95.90
1.81,133.10
1.82,165.15
1.83,189.14
1.84,205.31
1.85,216.18
1.86,223.51
1.87,231.21
1.88,240.23
1.89,250.82
1.9,264.23
1.91,279.61
1.92,296.53
1.93,314.88
1.94,333.48
1.95,352.66
1.96,371.76
1.97,389.89
1.98,406.33
1.99,420.45
2,432.94
2.01,445.98
2.02,461.94
2.03,480.71
2.04,500.56
2.05,518.54
2.06,532.69
2.07,543.12
2.08,550.80
2.09,556.95
2.1,562.17
2.11,562.17
2.12,561.78
2.13,561.78
2.14,556.01
2.15,546.71
2.16,534.43
2.17,518.83
2.18,501.75
2.19,485.96
2.2,471.27
2.21,458.42
2.22,447.50
2.23,438.97
2.24,433.30
2.25,429.59
2.26,426.12
2.27,416.84
2.28,402.22
2.29,382.85
2.3,361.40
2.31,344.41
2.32,330.41
2.33,317.63
2.34,303.93
2.35,290.73
2.36,279.69
2.37,269.60
2.38,260.26
2.39,251.10
2.4,241.89
2.41,234.53
2.42,228.35
2.43,222.75
2.44,218.74
2.45,218.74
2.46,219.64
2.47,218.65
2.48,218.65
2.49,208.65
2.5,196.74
2.51,182.98
2.52,164.86
2.53,141.01
2.54,112.22
2.55,77.91
2.56,42.70
2.57,16.32
2.58,-1.27
2.59,-1.27
2.6,-1.00
2.61,-0.69
2.62,-0.52
2.63,-0.44
2.64,-0.36
2.65,-0.25
2.66,-0.13
2.67,-0.01
2.68,0.11
2.69,0.22
2.7,0.34
2.71,0.46
2.72,0.59
2.73,0.72
2.74,0.96
2.75,0.96
2.76,-0.41
2.77,-0.22
2.78,1.54
2.79,7.82
2.8,20.26
2.81,40.30
2.82,69.02
2.83,104.70
2.84,144.62
2.85,184.15
2.86,220.01
2.87,249.91
2.88,272.76
2.89,289.82
2.9,302.31
2.91,313.24
2.92,325.98
2.93,340.08
2.94,357.32
2.95,377.04
2.96,395.84
2.97,414.31
2.98,431.19
2.99,445.34
3,457.23
3.01,468.84
3.02,480.93
3.03,495.00
3.04,512.04
3.05,531.42
3.06,552.57
3.07,576.74
3.08,601.69
3.09,624.46
3.1,644.04
3.11,657.80
3.12,667.06
3.13,673.65
3.14,679.19
3.15,683.99
3.16,687.87
3.17,688.52
3.18,684.11
3.19,674.75
3.2,660.79
3.21,644.38
3.22,627.03
3.23,608.62
3.24,586.21
3.25,560.61
3.26,534.53
3.27,509.00
3.28,488.30
3.29,472.41
3.3,458.68
3.31,446.22
3.32,434.48
3.33,423.10
3.34,412.84
3.35,403.88
3.36,396.51
3.37,390.59
3.38,385.96
3.39,385.96
3.4,383.78
3.41,381.80
3.42,379.80
3.43,377.75
3.44,375.52
3.45,372.71
3.46,372.71
3.47,366.21
3.48,358.02
3.49,347.89
3.5,336.06
3.51,322.66
3.52,307.44
3.53,289.90
3.54,270.02
3.55,245.94
3.56,216.90
3.57,185.48
3.58,150.73
3.59,114.00
3.6,78.41
3.61,50.50
3.62,31.91
3.63,31.91
3.64,32.18
3.65,32.35
3.66,32.49
3.67,32.56
3.68,32.61
3.69,32.73
3.7,32.82
3.71,33.00
3.72,33.00
3.73,24.23
3.74,16.74
3.75,12.36
3.76,18.48
3.77,39.44
3.78,69.21
3.79,106.03
3.8,146.73
3.81,186.37
3.82,222.33
3.83,251.76
3.84,270.14
3.85,280.60
3.86,286.83
3.87,289.05
3.88,295.61
3.89,304.32
3.9,314.66
3.91,331.04
3.92,348.59
3.93,367.72
3.94,388.01
3.95,406.12
3.96,422.82
3.97,436.87
3.98,447.37
3.99,455.96
4,462.31
4.01,467.05
4.02,472.41
4.03,476.71
4.04,481.04
4.05,485.66
4.06,488.94
4.07,493.03
4.08,497.87
4.09,503.83
4.1,511.72
4.11,521.49
4.12,533.52
4.13,548.00
4.14,562.88
4.15,577.20
4.16,589.78
4.17,599.83
4.18,608.41
4.19,615.87
4.2,622.88
4.21,629.44
4.22,635.61
4.23,640.42
4.24,644.31
4.25,647.21
4.26,647.21
4.27,632.53
4.28,608.00
4.29,576.71
4.3,546.27
4.31,520.32
4.32,500.31
4.33,484.56
4.34,469.37
4.35,453.58
4.36,438.46
4.37,424.59
4.38,411.13
4.39,398.52
4.4,387.23
4.41,377.68
4.42,370.15
4.43,364.52
4.44,359.75
4.45,354.79
4.46,349.16
4.47,342.58
4.48,335.32
4.49,328.27
4.5,321.85
4.51,316.51
4.52,316.51
4.53,315.74
4.54,316.44
4.55,318.17
4.56,320.48
4.57,323.10
4.58,325.65
4.59,328.12
4.6,330.08
4.61,331.57
4.62,332.60
4.63,332.81
4.64,332.25
4.65,332.25
4.66,325.90
4.67,316.69
4.68,304.26
4.69,288.48
4.7,269.63
4.71,248.35
4.72,225.19
4.73,200.70
4.74,175.17
4.75,147.83
4.76,116.49
4.77,81.75
4.78,43.67
4.79,9.38
4.8,-14.68
4.81,-28.52
4.82,-28.52
4.83,-28.23
4.84,-28.09
4.85,-27.95
4.86,-27.85
4.87,-27.70
4.88,-27.54
4.89,-27.40
4.9,-27.29
4.91,-27.18
4.92,-27.00
4.93,-27.00
4.94,-38.29
4.95,-48.93
4.96,-57.23
4.97,-48.49
4.98,-26.66
4.99,4.61
5,44.13
5.01,84.89
5.02,121.56
5.03,151.46
5.04,168.58
5.05,173.49
5.06,172.90
5.07,165.28
5.08,161.09
5.09,162.71
5.1,168.65
5.11,186.68
5.12,212.87
5.13,244.44
5.14,280.14
5.15,314.51
5.16,345.14
5.17,371.55
5.18,392.25
5.19,408.10
5.2,420.85
5.21,430.43
5.22,438.43
5.23,448.95
5.24,457.75
5.25,469.03
5.26,481.46
5.27,490.08
5.28,490.08
5.29,482.59
5.3,482.59
5.31,487.83
5.32,491.70
5.33,492.30
5.34,492.30
5.35,492.30
5.36,491.28
5.37,487.09
5.38,476.88
5.39,462.50
5.4,444.90
5.41,427.16
5.42,412.11
5.43,397.08
5.44,380.08
5.45,359.50
5.46,335.00
5.47,308.10
5.48,281.02
5.49,255.08
5.5,231.78
5.51,211.13
5.52,192.61
5.53,176.50
5.54,162.64
5.55,151.27
5.56,142.67
5.57,136.58
5.58,136.58
5.59,135.81
5.6,135.90
5.61,136.53
5.62,137.05
5.63,136.96
5.64,135.85
5.65,133.50
5.66,133.50
5.67,128.92
5.68,124.28
5.69,119.80
5.7,119.80
5.71,118.37
5.72,118.37
5.73,119.32
5.74,120.89
5.75,122.96
5.76,125.29
5.77,128.50
5.78,131.43
5.79,133.79
5.8,135.87
5.81,137.39
5.82,138.91
5.83,141.15
5.84,143.69
5.85,146.11
5.86,148.70
5.87,150.40
5.88,150.28
5.89,150.28
5.9,140.67
5.91,127.36
5.92,110.47
5.93,89.99
5.94,65.78
5.95,37.40
5.96,4.41
5.97,-32.14
5.98,-70.69
5.99,-110.22
6,-149.56
6.01,-184.77
6.02,-210.49
6.03,-226.34
6.04,-226.34
6.05,-226.60
6.06,-226.85
6.07,-227.04
6.08,-227.22
6.09,-227.40
6.1,-227.58
6.11,-227.80
6.12,-228.05
6.13,-228.24
6.14,-228.24
6.15,-228.18
6.16,-227.29
6.17,-222.84
6.18,-208.31
6.19,-184.04
6.2,-150.40
6.21,-110.14
6.22,-69.47
6.23,-31.08
6.24,2.90
6.25,28.38
6.26,44.48
6.27,54.29
6.28,57.27
6.29,58.34
6.3,59.86
6.31,59.90
6.32,63.69
6.33,71.07
6.34,80.32
6.35,93.45
6.36,107.31
6.37,120.25
6.38,133.09
6.39,143.70
6.4,152.15
6.41,159.66
6.42,166.14
6.43,171.77
6.44,177.25
6.45,182.95
6.46,187.79
6.47,193.52
6.48,200.03
6.49,206.58
6.5,214.07
6.51,223.81
6.52,231.83
6.53,239.32
6.54,245.40
6.55,246.49
6.56,246.90
6.57,245.42
6.58,245.42
6.59,245.42
6.6,255.39
6.61,266.96
6.62,277.27
6.63,285.15
6.64,290.92
6.65,294.90
6.66,299.04
6.67,303.86
6.68,308.93
6.69,313.92
6.7,318.99
6.71,325.34
6.72,333.13
6.73,342.76
6.74,348.94
6.75,342.72
6.76,326.06
6.77,301.68
6.78,272.96
6.79,248.02
6.8,225.13
6.81,201.41
6.82,177.47
6.83,153.78
6.84,130.66
6.85,109.04
6.86,90.17
6.87,73.92
6.88,60.02
6.89,47.71
6.9,36.80
6.91,27.61
6.92,20.04
6.93,13.57
6.94,7.15
6.95,0.21
6.96,-6.39
6.97,-12.39
6.98,-17.77
6.99,-22.69
7,-27.83
7.01,-33.29
7.02,-39.04
7.03,-44.89
7.04,-49.63
7.05,-49.63
7.06,-51.33
7.07,-52.25
7.08,-52.36
7.09,-51.28
7.1,-48.79
7.11,-45.88
7.12,-42.62
7.13,-39.08
7.14,-35.53
7.15,-32.09
7.16,-28.95
7.17,-26.28
7.18,-24.04
7.19,-21.97
7.2,-19.96
7.21,-18.13
7.22,-16.99
7.23,-17.10
7.24,-17.10
7.25,-24.68
7.26,-35.88
7.27,-51.01
7.28,-70.61
7.29,-95.13
7.3,-124.45
7.31,-158.58
7.32,-196.14
7.33,-235.59
7.34,-275.80
7.35,-315.61
7.36,-347.00
7.37,-368.43
7.38,-368.43
7.39,-368.37
7.4,-368.37
7.41,-368.37
7.42,-368.37
7.43,-368.38
7.44,-368.40
7.45,-368.44
7.46,-368.46
7.47,-368.46
7.48,-378.47
7.49,-383.27
7.5,-382.56
7.51,-364.91
7.52,-337.89
7.53,-305.90
7.54,-267.37
7.55,-226.55
7.56,-185.92
7.57,-146.65
7.58,-111.96
7.59,-86.11
7.6,-66.66
7.61,-54.59
7.62,-49.19
7.63,-43.94
7.64,-40.98
7.65,-38.71
7.66,-30.48
7.67,-18.26
7.68,-2.35
7.69,18.98
7.7,39.89
7.71,60.29
7.72,79.85
7.73,96.19
7.74,110.66
7.75,123.34
7.76,133.89
7.77,142.94
7.78,151.43
7.79,158.13
7.8,163.70
7.81,169.34
7.82,173.28
7.83,180.59
7.84,187.44
7.85,191.17
7.86,195.64
7.87,195.04
7.88,194.19
7.89,194.19
7.9,194.19
7.91,198.30
7.92,205.36
7.93,215.63
7.94,228.67
7.95,243.63
7.96,258.33
7.97,269.82
7.98,276.71
7.99,279.86
8,279.86
8.01,277.19
8.02,273.09
8.03,265.14
8.04,250.15
8.05,230.58
8.06,205.49
8.07,179.95
8.08,157.39
8.09,135.67
8.1,112.17
8.11,87.59
8.12,63.00
8.13,39.67
8.14,19.29
8.15,1.47
8.16,-13.02
8.17,-24.37
8.18,-33.38
8.19,-39.65
8.2,-44.10
8.21,-47.42
8.22,-47.42
8.23,-49.84
8.24,-52.47
8.25,-55.23
8.26,-58.13
8.27,-60.95
8.28,-63.97
8.29,-63.97
8.3,-69.53
8.31,-75.45
8.32,-81.11
8.33,-81.11
8.34,-81.76
8.35,-81.28
8.36,-80.04
8.37,-78.24
8.38,-76.00
8.39,-73.33
8.4,-70.28
8.41,-67.10
8.42,-63.96
8.43,-61.28
8.44,-59.55
8.45,-58.92
8.46,-59.44
8.47,-61.23
8.48,-61.23
8.49,-69.57
8.5,-81.28
8.51,-96.64
8.52,-115.79
8.53,-138.92
8.54,-166.39
8.55,-198.24
8.56,-234.00
8.57,-272.60
8.58,-312.74
8.59,-352.92
8.6,-385.28
8.61,-407.39
8.62,-407.39
8.63,-407.28
8.64,-407.19
8.65,-407.10
8.66,-407.03
8.67,-406.97
8.68,-406.90
8.69,-406.84
8.7,-406.80
8.71,-406.67
8.72,-406.67
8.73,-406.00
8.74,-403.90
8.75,-400.02
8.76,-389.46
8.77,-369.45
8.78,-340.76
8.79,-303.70
8.8,-262.90
8.81,-222.08
8.82,-182.22
8.83,-147.65
8.84,-121.47
8.85,-103.99
8.86,-94.73
8.87,-92.50
8.88,-91.70
8.89,-92.32
8.9,-92.96
8.91,-87.70
8.92,-79.39
8.93,-66.96
8.94,-50.44
8.95,-33.95
8.96,-17.11
8.97,-1.66
8.98,10.59
8.99,20.97
9,29.16
9.01,34.97
9.02,39.99
9.03,44.26
9.04,47.70
9.05,52.63
9.06,57.73
9.07,62.86
9.08,69.14
9.09,77.11
9.1,83.98
9.11,90.56
9.12,96.20
9.13,97.81
9.14,98.83
9.15,98.83
9.16,107.24
9.17,119.64
9.18,133.61
9.19,145.69
9.2,154.92
9.21,161.17
9.22,166.40
9.23,170.52
9.24,170.52
9.25,169.45
9.26,169.05
9.27,169.11
9.28,169.11
9.29,165.12
9.3,152.85
9.31,134.65
9.32,110.36
9.33,88.92
9.34,68.76
9.35,46.62
9.36,24.43
9.37,2.93
9.38,-16.51
9.39,-34.85
9.4,-51.52
9.41,-66.71
9.42,-79.38
9.43,-89.32
9.44,-97.92
9.45,-106.02
9.46,-114.83
9.47,-123.75
9.48,-133.18
9.49,-142.92
9.5,-152.43
9.51,-161.87
9.52,-171.25
9.53,-180.97
9.54,-190.05
9.55,-197.83
9.56,-204.07
9.57,-204.07
9.58,-205.30
9.59,-205.43
9.6,-204.74
9.61,-203.47
9.62,-201.89
9.63,-199.93
9.64,-199.93
9.65,-195.84
9.66,-191.04
9.67,-185.94
9.68,-180.46
9.69,-174.54
9.7,-168.64
9.71,-163.03
9.72,-158.46
9.73,-158.46
9.74,-158.79
9.75,-158.79
9.76,-166.49
9.77,-178.25
9.78,-194.06
9.79,-213.85
9.8,-236.84
9.81,-262.30
9.82,-289.59
9.83,-319.38
9.84,-351.37
9.85,-385.91
9.86,-421.71
9.87,-457.67
9.88,-493.56
9.89,-520.41
9.9,-539.82
9.91,-539.82
9.92,-539.61
9.93,-538.15
9.94,-537.97
9.95,-537.73
9.96,-537.50
9.97,-537.28
9.98,-537.07
9.99,-536.90
10,-536.70
10.01,-536.70
10.02,-541.99
10.03,-541.91
10.04,-539.34
10.05,-528.21
10.06,-505.53
10.07,-478.12
10.08,-443.06
10.09,-402.76
10.1,-361.97
10.11,-322.64
10.12,-286.73
10.13,-257.18
10.14,-237.06
10.15,-222.08
10.16,-214.25
10.17,-209.57
10.18,-202.79
10.19,-197.90
10.2,-188.03
10.21,-173.29
10.22,-156.74
10.23,-136.02
10.24,-114.55
10.25,-94.60
10.26,-75.41
10.27,-59.75
10.28,-47.74
10.29,-37.96
10.3,-30.59
10.31,-25.00
10.32,-20.28
10.33,-17.29
10.34,-15.93
10.35,-12.34
10.36,-8.52
10.37,-2.79
10.38,4.22
10.39,7.94
10.4,9.17
10.41,8.17
10.42,6.63
10.43,7.23
10.44,12.25
10.45,19.46
10.46,25.53
10.47,29.64
10.48,31.21
10.49,31.94
10.5,34.27
10.51,37.29
10.52,39.92
10.53,41.72
10.54,43.16
10.55,45.48
10.56,48.49
10.57,52.74
10.58,58.62
10.59,64.32
10.6,65.79
10.61,61.66
10.62,48.20
10.63,26.52
10.64,0.96
10.65,-28.02
10.66,-57.47
10.67,-86.48
10.68,-114.45
10.69,-140.39
10.7,-163.19
10.71,-182.53
10.72,-198.33
10.73,-210.47
10.74,-219.41
10.75,-225.82
10.76,-230.19
10.77,-233.74
10.78,-237.43
10.79,-241.62
10.8,-246.29
10.81,-251.44
10.82,-257.24
10.83,-263.61
10.84,-270.56
10.85,-277.72
10.86,-284.52
10.87,-290.89
10.88,-296.53
10.89,-301.14
10.9,-301.14
10.91,-302.58
10.92,-302.94
10.93,-302.47
10.94,-301.22
10.95,-299.01
10.96,-296.60
10.97,-294.12
10.98,-291.52
10.99,-288.78
11,-288.78
11.01,-284.65
11.02,-280.82
11.03,-280.82
11.04,-281.21
11.05,-281.21
11.06,-290.44
11.07,-303.03
11.08,-318.51
11.09,-336.79
11.1,-357.01
11.11,-378.66
11.12,-402.18
11.13,-427.92
11.14,-457.11
11.15,-490.27
11.16,-526.58
11.17,-565.39
11.18,-600.74
11.19,-626.35
11.2,-642.04
11.21,-642.04
11.22,-641.83
11.23,-641.82
11.24,-641.82
11.25,-641.84
11.26,-641.84
11.27,-641.83
11.28,-641.86
11.29,-641.91
11.3,-642.03
11.31,-642.03
11.32,-660.88
11.33,-679.78
11.34,-694.50
11.35,-695.21
11.36,-677.31
11.37,-649.10
11.38,-614.26
11.39,-573.53
11.4,-532.91
11.41,-495.61
11.42,-463.61
11.43,-443.36
11.44,-432.98
11.45,-427.90
11.46,-429.74
11.47,-429.63
11.48,-427.88
11.49,-425.49
11.5,-414.29
11.51,-399.44
11.52,-381.55
11.53,-359.95
11.54,-341.21
11.55,-323.84
11.56,-308.40
11.57,-297.52
11.58,-289.78
11.59,-283.59
11.6,-279.71
11.61,-276.74
11.62,-272.22
11.63,-267.03
11.64,-260.38
11.65,-249.75
11.66,-239.92
11.67,-233.37
11.68,-228.62
11.69,-229.53
11.7,-233.07
11.71,-236.79
11.72,-243.33
11.73,-249.90
11.74,-256.05
11.75,-260.44
11.76,-261.22
11.77,-258.88
11.78,-253.50
11.79,-246.34
11.8,-238.00
11.81,-228.77
11.82,-219.21
11.83,-209.41
11.84,-199.41
11.85,-191.33
11.86,-184.77
11.87,-179.12
11.88,-173.24
11.89,-165.65
11.9,-157.55
11.91,-151.80
11.92,-152.76
11.93,-159.52
11.94,-170.29
11.95,-184.47
11.96,-197.11
11.97,-210.89
11.98,-227.93
11.99,-245.69
12,-265.13
12.01,-284.38
12.02,-303.92
12.03,-323.92
12.04,-344.45
12.05,-365.35
12.06,-384.30
12.07,-400.96
12.08,-415.70
12.09,-428.30
12.1,-439.09
12.11,-448.16
12.12,-455.85
12.13,-462.20
12.14,-467.34
12.15,-471.82
12.16,-475.64
12.17,-479.26
12.18,-482.87
12.19,-486.24
12.2,-489.34
12.21,-489.34
12.22,-490.93
12.23,-492.20
12.24,-493.34
12.25,-494.63
12.26,-495.81
12.27,-497.05
12.28,-497.99
12.29,-498.56
12.3,-498.75
12.31,-498.42
12.32,-497.60
12.33,-496.56
12.34,-495.34
12.35,-493.91
12.36,-492.31
12.37,-490.69
12.38,-489.18
12.39,-487.83
12.4,-486.97
12.41,-486.62
12.42,-486.92
12.43,-486.92
12.44,-494.00
12.45,-504.81
12.46,-519.02
12.47,-537.07
12.48,-558.45
12.49,-582.73
12.5,-609.80
12.51,-640.10
12.52,-673.65
12.53,-709.78
12.54,-747.73
12.55,-786.42
12.56,-818.05
12.57,-840.07
12.58,-840.07
12.59,-840.01
12.6,-839.91
12.61,-839.92
12.62,-839.92
12.63,-839.93
12.64,-839.99
12.65,-840.05
12.66,-840.05
12.67,-834.73
12.68,-825.22
12.69,-811.83
12.7,-792.61
12.71,-768.42
12.72,-738.21
12.73,-701.81
12.74,-661.38
12.75,-620.68
12.76,-580.50
12.77,-543.40
12.78,-513.28
12.79,-490.39
12.8,-475.66
12.81,-469.02
12.82,-465.70
12.83,-465.88
12.84,-467.68
12.85,-467.46
12.86,-465.67
12.87,-460.78
12.88,-452.50
12.89,-441.68
12.9,-428.95
12.91,-415.23
12.92,-401.51
12.93,-388.33
12.94,-375.59
12.95,-363.44
12.96,-351.70
12.97,-340.24
12.98,-329.00
12.99,-317.72
13,-306.19
13.01,-294.37
13.02,-281.33
13.03,-270.81
13.04,-261.94
13.05,-254.95
13.06,-252.79
13.07,-251.62
13.08,-253.02
13.09,-256.37
13.1,-259.07
13.11,-261.18
13.12,-261.52
13.13,-259.91
13.14,-255.51
13.15,-248.67
13.16,-241.05
13.17,-232.51
13.18,-224.31
13.19,-217.63
13.2,-211.53
13.21,-207.25
13.22,-204.67
13.23,-201.95
13.24,-199.64
13.25,-199.64
13.26,-199.64
13.27,-207.13
13.28,-216.03
13.29,-228.05
13.3,-240.03
13.31,-254.07
13.32,-272.26
13.33,-292.65
13.34,-315.10
13.35,-337.91
13.36,-359.87
13.37,-381.29
13.38,-402.07
13.39,-421.81
13.4,-439.98
13.41,-456.05
13.42,-470.28
13.43,-481.94
13.44,-491.38
13.45,-499.03
13.46,-505.86
13.47,-512.43
13.48,-518.38
13.49,-523.91
13.5,-528.33
13.51,-531.73
13.52,-534.50
13.53,-534.50
13.54,-536.34
13.55,-537.70
13.56,-538.31
13.57,-538.44
13.58,-538.22
13.59,-537.52
13.6,-536.11
13.61,-533.96
13.62,-531.60
13.63,-529.90
13.64,-529.05
13.65,-528.94
13.66,-528.89
13.67,-528.19
13.68,-527.29
13.69,-526.18
13.7,-524.93
13.71,-524.93
13.72,-523.79
13.73,-523.79
13.74,-523.60
13.75,-523.67
13.76,-523.67
13.77,-525.15
13.78,-525.15
13.79,-531.41
13.8,-531.41
13.81,-542.63
13.82,-556.75
13.83,-556.75
13.84,-576.83
13.85,-599.70
13.86,-599.70
13.87,-629.36
13.88,-629.36
13.89,-664.16
13.9,-699.79
13.91,-699.79
13.92,-732.51
13.93,-732.51
13.94,-747.63
13.95,-747.63
13.96,-747.38
13.97,-747.38
13.98,-747.28
13.99,-747.28
14,-747.28
14.01,-767.01
14.02,-789.94
14.03,-789.94
14.04,-794.73
14.05,-782.65
14.06,-782.65
14.07,-751.85
14.08,-751.85
14.09,-711.04
14.1,-671.32
14.11,-671.32
14.12,-645.99
14.13,-631.60
14.14,-627.94
14.15,-629.32
14.16,-634.36
14.17,-636.83
14.18,-635.70
14.19,-635.70
14.2,-619.18
14.21,-596.90
14.22,-596.90
14.23,-565.59
14.24,-565.59
14.25,-540.39
14.26,-521.15
14.27,-521.15
14.28,-511.41
14.29,-506.01
14.3,-506.01
14.31,-502.07
14.32,-498.79
14.33,-498.79
14.34,-495.48
14.35,-488.82
14.36,-479.69
14.37,-470.83
14.38,-470.83
14.39,-467.32
14.4,-465.55
14.41,-465.55
14.42,-465.07
14.43,-465.07
14.44,-465.07
14.45,-458.09
14.46,-450.15
14.47,-450.15
14.48,-443.22
14.49,-443.22
14.5,-443.22
14.51,-441.97
14.52,-442.01
14.53,-442.23
14.54,-442.23
14.55,-444.97
14.56,-444.97
14.57,-453.88
14.58,-453.88
14.59,-466.98
14.6,-466.98
14.61,-486.22
14.62,-509.27
14.63,-509.27
14.64,-534.89
14.65,-560.70
14.66,-560.70
14.67,-583.61
14.68,-604.74
14.69,-623.71
14.7,-640.22
14.71,-653.93
14.72,-665.23
14.73,-673.57
14.74,-679.24
14.75,-679.24
14.76,-680.31
14.77,-681.13
14.78,-682.31
14.79,-683.93
14.8,-686.50
14.81,-686.50
14.82,-691.31
14.83,-696.82
14.84,-702.72
14.85,-708.49
14.86,-713.48
14.87,-717.50
14.88,-720.62
14.89,-720.62
14.9,-722.65
14.91,-724.15
14.92,-725.13
14.93,-725.34
14.94,-724.83
14.95,-723.39
14.96,-723.39
14.97,-718.63
14.98,-713.28
14.99,-707.75
15,-702.77
15.01,-702.77
15.02,-702.77
15.03,-713.17
15.04,-727.63
15.05,-745.88
15.06,-767.47
15.07,-791.71
15.08,-818.41
15.09,-848.28
15.1,-881.26
15.11,-916.69
15.12,-954.00
15.13,-991.67
15.14,-1025.59
15.15,-1050.25
15.16,-1065.55
15.17,-1065.55
15.18,-1065.04
15.19,-1065.04
15.2,-1065.01
15.21,-1064.98
15.22,-1064.76
15.23,-1064.76
15.24,-1063.07
15.25,-1055.72
15.26,-1042.96
15.27,-1021.53
15.28,-996.59
15.29,-967.31
15.3,-930.81
15.31,-890.39
15.32,-849.57
15.33,-809.55
15.34,-772.85
15.35,-745.86
15.36,-724.49
15.37,-709.22
15.38,-699.92
15.39,-688.40
15.4,-678.28
15.41,-669.32
15.42,-656.92
15.43,-643.43
15.44,-629.60
15.45,-629.60
15.46,-614.53
15.47,-600.27
15.48,-585.57
15.49,-571.90
15.5,-558.61
15.51,-544.17
15.52,-529.81
15.53,-515.66
15.54,-500.84
15.55,-485.89
15.56,-473.13
15.57,-463.92
15.58,-460.86
15.59,-463.75
15.6,-468.51
15.61,-468.76
15.62,-465.30
15.63,-461.87
15.64,-459.15
15.65,-460.52
15.66,-460.52
15.67,-461.71
15.68,-461.71
15.69,-469.18
15.7,-477.66
15.71,-485.91
15.72,-490.66
15.73,-491.84
15.74,-495.07
15.75,-503.35
15.76,-517.41
15.77,-534.31
15.78,-554.20
15.79,-576.62
15.8,-598.81
15.81,-621.04
15.82,-643.06
15.83,-663.21
15.84,-683.31
15.85,-704.13
15.86,-723.69
15.87,-742.10
15.88,-758.82
15.89,-773.86
15.9,-785.76
15.91,-794.05
15.92,-800.00
15.93,-804.30
15.94,-807.80
15.95,-807.80
15.96,-809.81
15.97,-811.50
15.98,-813.04
15.99,-814.62
16,-816.38
16.01,-817.99
16.02,-819.31
16.03,-820.46
16.04,-821.21
16.05,-822.57
16.06,-824.35
16.07,-826.04
16.08,-827.46
16.09,-827.67
16.1,-827.06
16.11,-826.57
16.12,-825.84
16.13,-824.92
16.14,-823.74
16.15,-821.40
16.16,-818.53
16.17,-815.17
16.18,-811.69
16.19,-808.86
16.2,-806.74
16.21,-805.88
16.22,-806.06
16.23,-807.01
16.24,-809.34
16.25,-811.95
16.26,-814.64
16.27,-817.67
16.28,-820.15
16.29,-822.95
16.3,-826.08
16.31,-829.01
16.32,-831.88
16.33,-834.48
16.34,-836.90
16.35,-839.46
16.36,-842.56
16.37,-842.56
16.38,-847.20
16.39,-852.28
16.4,-857.91
16.41,-864.26
16.42,-871.76
16.43,-881.51
16.44,-895.24
16.45,-913.65
16.46,-937.09
16.47,-965.21
16.48,-997.05
16.49,-1031.35
16.5,-1065.86
16.51,-1099.21
16.52,-1130.14
16.53,-1159.19
16.54,-1185.76
16.55,-1205.24
16.56,-1217.93
16.57,-1217.93
16.58,-1218.35
16.59,-1218.72
16.6,-1219.08
16.61,-1219.08
16.62,-1239.68
16.63,-1269.01
16.64,-1295.95
16.65,-1307.21
16.66,-1302.91
16.67,-1279.74
16.68,-1248.21
16.69,-1212.45
16.7,-1171.83
16.71,-1131.01
16.72,-1092.21
16.73,-1059.58
16.74,-1038.01
16.75,-1029.14
16.76,-1025.65
16.77,-1028.14
16.78,-1028.27
16.79,-1021.34
16.8,-1013.32
16.81,-997.22
16.82,-976.77
16.83,-956.03
16.84,-934.40
16.85,-915.28
16.86,-899.97
16.87,-887.04
16.88,-877.47
16.89,-871.01
16.9,-865.46
16.91,-862.59
16.92,-861.26
16.93,-859.81
16.94,-859.17
16.95,-857.41
16.96,-852.50
16.97,-848.12
16.98,-842.61
16.99,-836.24
17,-832.70
17.01,-832.70
17.02,-836.03
17.03,-838.11
17.04,-837.87
17.05,-834.22
17.06,-825.83
17.07,-814.48
17.08,-802.06
17.09,-790.09
17.1,-781.74
17.11,-775.64
17.12,-770.50
17.13,-765.53
17.14,-759.99
17.15,-759.99
17.16,-759.99
17.17,-764.96
17.18,-769.11
17.19,-773.60
17.2,-780.15
17.21,-790.23
17.22,-802.17
17.23,-816.00
17.24,-831.64
17.25,-849.42
17.26,-870.16
17.27,-892.51
17.28,-915.09
17.29,-935.94
17.3,-955.10
17.31,-972.68
17.32,-988.60
17.33,-1002.54
17.34,-1015.14
17.35,-1026.53
17.36,-1036.82
17.37,-1046.16
17.38,-1054.28
17.39,-1061.35
17.4,-1061.35
17.41,-1067.17
17.42,-1072.71
17.43,-1078.26
17.44,-1084.10
17.45,-1090.33
17.46,-1097.39
17.47,-1104.75
17.48,-1111.41
17.49,-1116.52
17.5,-1116.52
17.51,-1116.72
17.52,-1116.43
17.53,-1115.55
17.54,-1114.29
17.55,-1112.61
17.56,-1110.15
17.57,-1110.15
17.58,-1105.62
17.59,-1100.76
17.6,-1095.77
17.61,-1090.61
17.62,-1085.59
17.63,-1080.58
17.64,-1076.05
17.65,-1076.05
17.66,-1076.29
17.67,-1076.29
17.68,-1085.69
17.69,-1098.45
17.7,-1114.23
17.71,-1132.60
17.72,-1153.07
17.73,-1175.50
17.74,-1200.21
17.75,-1227.04
17.76,-1256.13
17.77,-1287.00
17.78,-1318.74
17.79,-1352.33
17.8,-1386.20
17.81,-1421.06
17.82,-1455.58
17.83,-1480.82
17.84,-1497.79
17.85,-1497.79
17.86,-1498.02
17.87,-1498.32
17.88,-1498.62
17.89,-1498.95
17.9,-1498.95
17.91,-1518.47
17.92,-1540.92
17.93,-1556.30
17.94,-1556.13
17.95,-1535.72
17.96,-1502.09
17.97,-1464.64
17.98,-1424.00
17.99,-1383.18
18,-1344.81
18.01,-1312.99
18.02,-1290.42
18.03,-1280.66
18.04,-1280.92
18.05,-1284.38
18.06,-1291.24
18.07,-1293.59
18.08,-1290.45
18.09,-1284.73
18.1,-1268.64
18.11,-1246.41
18.12,-1220.38
18.13,-1188.74
18.14,-1159.25
18.15,-1132.95
18.16,-1109.19
18.17,-1092.77
18.18,-1079.80
18.19,-1070.12
18.2,-1064.27
18.21,-1058.88
18.22,-1054.03
18.23,-1049.86
18.24,-1044.99
18.25,-1037.35
18.26,-1030.19
18.27,-1023.68
18.28,-1016.91
18.29,-1013.45
18.3,-1013.45
18.31,-1020.78
18.32,-1028.40
18.33,-1034.01
18.34,-1034.11
18.35,-1024.80
18.36,-1011.19
18.37,-998.21
18.38,-989.81
18.39,-989.23
18.4,-989.93
18.41,-987.10
18.42,-980.67
18.43,-977.25
18.44,-976.86
18.45,-984.72
18.46,-999.55
18.47,-1012.41
18.48,-1023.33
18.49,-1031.74
18.5,-1036.93
18.51,-1043.60
18.52,-1054.13
18.53,-1066.10
18.54,-1080.58
18.55,-1097.36
18.56,-1116.22
18.57,-1137.44
18.58,-1160.60
18.59,-1185.36
18.6,-1211.77
18.61,-1237.70
18.62,-1262.14
18.63,-1283.20
18.64,-1299.63
18.65,-1311.60
18.66,-1319.34
18.67,-1319.34
18.68,-1320.09
18.69,-1319.97
18.7,-1319.20
18.71,-1318.41
18.72,-1318.63
18.73,-1320.17
18.74,-1320.17
18.75,-1323.97
18.76,-1327.58
18.77,-1330.94
18.78,-1333.63
18.79,-1333.63
18.8,-1335.38
18.81,-1336.58
18.82,-1336.92
18.83,-1336.05
18.84,-1334.03
18.85,-1331.33
18.86,-1331.33
18.87,-1327.28
18.88,-1323.43
18.89,-1319.97
18.9,-1316.79
18.91,-1316.79
18.92,-1315.24
18.93,-1314.75
18.94,-1315.69
18.95,-1315.69
18.96,-1321.68
18.97,-1330.26
18.98,-1342.46
18.99,-1359.72
19,-1382.72
19.01,-1411.60
19.02,-1445.77
19.03,-1483.49
19.04,-1523.37
19.05,-1563.62
19.06,-1602.73
19.07,-1640.20
19.08,-1677.60
19.09,-1708.84
19.1,-1731.08
19.11,-1744.87
19.12,-1744.87
19.13,-1745.28
19.14,-1745.68
19.15,-1746.06
19.16,-1746.40
19.17,-1746.67
19.18,-1746.67
19.19,-1746.67
19.2,-1740.08
19.21,-1727.03
19.22,-1703.60
19.23,-1672.93
19.24,-1635.67
19.25,-1594.85
19.26,-1554.18
19.27,-1515.60
19.28,-1482.20
19.29,-1458.28
19.3,-1444.41
19.31,-1437.07
19.32,-1436.22
19.33,-1434.87
19.34,-1430.59
19.35,-1425.31
19.36,-1411.47
19.37,-1391.97
19.38,-1369.33
19.39,-1341.85
19.4,-1316.31
19.41,-1293.94
19.42,-1274.25
19.43,-1260.38
19.44,-1250.51
19.45,-1243.45
19.46,-1239.32
19.47,-1236.12
19.48,-1230.64
19.49,-1224.14
19.5,-1217.21
19.51,-1214.78
19.52,-1216.11
19.53,-1219.37
19.54,-1226.17
19.55,-1233.76
19.56,-1240.21
19.57,-1244.73
19.58,-1244.73
19.59,-1244.73
19.6,-1240.33
19.61,-1234.96
19.62,-1229.73
19.63,-1224.00
19.64,-1218.95
19.65,-1215.72
19.66,-1213.87
19.67,-1213.65
19.68,-1215.18
19.69,-1218.07
19.7,-1223.18
19.71,-1229.28
19.72,-1234.42
19.73,-1234.42
19.74,-1244.96
19.75,-1261.62
19.76,-1281.70
19.77,-1303.48
19.78,-1326.31
19.79,-1348.36
19.8,-1369.67
19.81,-1390.38
19.82,-1411.06
19.83,-1431.48
19.84,-1450.62
19.85,-1468.35
19.86,-1483.79
19.87,-1496.83
19.88,-1507.92
19.89,-1516.94
19.9,-1524.10
19.91,-1529.86
19.92,-1534.07
19.93,-1537.24
19.94,-1539.54
19.95,-1539.54
19.96,-1539.92
19.97,-1540.23
19.98,-1540.59
19.99,-1541.15
20,-1542.29
20.01,-1543.77
20.02,-1545.88
20.03,-1548.74
20.04,-1551.90
20.05,-1554.76
20.06,-1556.95
20.07,-1558.09
20.08,-1558.09
20.09,-1557.51
20.1,-1556.62
20.11,-1555.36
20.12,-1553.79
20.13,-1551.85
20.14,-1549.06
20.15,-1549.06
20.16,-1544.13
20.17,-1539.84
20.18,-1536.35
20.19,-1536.35
20.2,-1535.22
20.21,-1535.22
20.22,-1535.52
20.23,-1536.72
20.24,-1536.72
20.25,-1542.53
20.26,-1551.03
20.27,-1562.95
20.28,-1579.01
20.29,-1599.09
20.3,-1623.52
20.31,-1652.63
20.32,-1686.02
20.33,-1722.92
20.34,-1761.89
20.35,-1800.69
20.36,-1837.79
20.37,-1872.17
20.38,-1904.11
20.39,-1936.53
20.4,-1960.73
20.41,-1977.73
20.42,-1977.73
20.43,-1977.92
20.44,-1978.18
20.45,-1978.46
20.46,-1978.81
20.47,-1978.98
20.48,-1978.98
20.49,-1973.29
20.5,-1961.00
20.51,-1942.22
20.52,-1913.54
20.53,-1879.88
20.54,-1842.74
20.55,-1802.10
20.56,-1761.70
20.57,-1724.05
20.58,-1690.29
20.59,-1663.47
20.6,-1645.89
20.61,-1634.19
20.62,-1628.48
20.63,-1627.20
20.64,-1625.96
20.65,-1625.80
20.66,-1625.17
20.67,-1620.02
20.68,-1611.49
20.69,-1599.43
20.7,-1582.89
20.71,-1565.90
20.72,-1548.66
20.73,-1532.09
20.74,-1518.24
20.75,-1506.62
20.76,-1496.52
20.77,-1488.70
20.78,-1482.25
20.79,-1477.35
20.8,-1471.73
20.81,-1465.45
20.82,-1459.87
20.83,-1453.87
20.84,-1446.28
20.85,-1438.89
20.86,-1433.09
20.87,-1428.21
20.88,-1427.54
20.89,-1428.81
20.9,-1430.72
20.91,-1434.77
20.92,-1438.82
20.93,-1442.51
20.94,-1444.40
20.95,-1442.71
20.96,-1437.36
20.97,-1425.92
20.98,-1411.06
20.99,-1397.23
21,-1385.38
21.01,-1378.67
21.02,-1374.31
21.03,-1369.42
21.04,-1365.04
21.05,-1362.16
21.06,-1361.53
21.07,-1367.82
21.08,-1377.56
21.09,-1387.32
21.1,-1397.69
21.11,-1403.58
21.12,-1407.21
21.13,-1411.84
21.14,-1418.69
21.15,-1429.57
21.16,-1446.66
21.17,-1467.10
21.18,-1489.41
21.19,-1512.00
21.2,-1533.13
21.21,-1554.82
21.22,-1576.90
21.23,-1599.31
21.24,-1621.31
21.25,-1642.09
21.26,-1660.88
21.27,-1676.97
21.28,-1690.17
21.29,-1700.64
21.3,-1709.10
21.31,-1716.20
21.32,-1722.32
21.33,-1727.90
21.34,-1733.15
21.35,-1738.06
21.36,-1742.44
21.37,-1746.13
21.38,-1746.13
21.39,-1748.25
21.4,-1750.64
21.41,-1753.47
21.42,-1755.92
21.43,-1757.56
21.44,-1758.26
21.45,-1757.88
21.46,-1756.54
21.47,-1754.36
21.48,-1754.36
21.49,-1749.31
21.5,-1743.98
21.51,-1738.82
21.52,-1733.99
21.53,-1729.50
21.54,-1725.21
21.55,-1721.18
21.56,-1721.18
21.57,-1720.16
21.58,-1720.86
21.59,-1720.86
21.6,-1727.48
21.61,-1735.98
21.62,-1746.12
21.63,-1757.70
21.64,-1771.11
21.65,-1786.43
21.66,-1804.24
21.67,-1825.43
21.68,-1850.81
21.69,-1880.08
21.7,-1912.69
21.71,-1948.26
21.72,-1983.90
21.73,-2019.21
21.74,-2053.69
21.75,-2087.06
21.76,-2112.54
21.77,-2129.86
21.78,-2129.86
21.79,-2130.14
21.8,-2130.49
21.81,-2130.84
21.82,-2131.22
21.83,-2131.22
21.84,-2142.07
21.85,-2145.91
21.86,-2143.37
21.87,-2130.61
21.88,-2110.71
21.89,-2088.14
21.9,-2061.44
21.91,-2027.17
21.92,-1987.00
21.93,-1946.18
21.94,-1905.36
21.95,-1865.85
21.96,-1832.38
21.97,-1806.03
21.98,-1786.90
21.99,-1777.16
22,-1770.99
22.01,-1766.12
22.02,-1763.09
22.03,-1756.71
22.04,-1748.33
22.05,-1739.10
22.06,-1727.73
22.07,-1715.77
22.08,-1703.56
22.09,-1691.50
22.1,-1680.28
22.11,-1670.34
22.12,-1661.35
22.13,-1653.23
22.14,-1645.76
22.15,-1638.53
22.16,-1630.72
22.17,-1622.17
22.18,-1613.02
22.19,-1603.71
22.2,-1594.96
22.21,-1585.84
22.22,-1577.77
22.23,-1572.42
22.24,-1568.13
22.25,-1566.95
22.26,-1567.37
22.27,-1566.88
22.28,-1567.16
22.29,-1566.63
22.3,-1566.34
22.31,-1566.63
22.32,-1568.18
22.33,-1571.04
22.34,-1571.04
22.35,-1566.17
22.36,-1560.85
22.37,-1556.15
22.38,-1552.04
22.39,-1548.53
22.4,-1545.25
22.41,-1542.49
22.42,-1541.25
22.43,-1541.25
22.44,-1549.13
22.45,-1556.99
22.46,-1564.53
22.47,-1570.43
22.48,-1577.52
22.49,-1588.26
22.5,-1603.32
22.51,-1622.51
22.52,-1643.50
22.53,-1664.92
22.54,-1686.66
22.55,-1707.96
22.56,-1729.24
22.57,-1750.16
22.58,-1770.31
22.59,-1788.37
22.6,-1804.10
22.61,-1817.15
22.62,-1827.60
22.63,-1835.61
22.64,-1841.26
22.65,-1845.19
22.66,-1845.19
22.67,-1847.45
22.68,-1849.81
22.69,-1852.11
22.7,-1854.11
22.71,-1855.64
22.72,-1856.77
22.73,-1857.50
22.74,-1857.95
22.75,-1858.22
22.76,-1858.14
22.77,-1857.86
22.78,-1857.20
22.79,-1856.04
22.8,-1854.18
22.81,-1851.62
22.82,-1848.70
22.83,-1845.74
22.84,-1843.14
22.85,-1841.20
22.86,-1839.54
22.87,-1838.17
22.88,-1836.82
22.89,-1835.21
22.9,-1833.82
22.91,-1832.43
22.92,-1831.58
22.93,-1831.16
22.94,-1831.09
22.95,-1831.87
22.96,-1833.17
22.97,-1833.17
22.98,-1838.47
22.99,-1846.02
23,-1856.08
23.01,-1868.75
23.02,-1883.84
23.03,-1901.17
23.04,-1920.93
23.05,-1943.51
23.06,-1969.46
23.07,-1999.44
23.08,-2032.86
23.09,-2067.84
23.1,-2102.82
23.11,-2135.84
23.12,-2167.18
23.13,-2196.59
23.14,-2222.21
23.15,-2240.81
23.16,-2251.91
23.17,-2251.91
23.18,-2252.29
23.19,-2252.66
23.2,-2252.66
23.21,-2272.97
23.22,-2294.81
23.23,-2308.99
23.24,-2307.15
23.25,-2290.18
23.26,-2261.81
23.27,-2230.28
23.28,-2194.76
23.29,-2154.41
23.3,-2113.59
23.31,-2073.15
23.32,-2035.73
23.33,-2007.57
23.34,-1988.93
23.35,-1977.63
23.36,-1975.56
23.37,-1974.53
23.38,-1971.63
23.39,-1968.45
23.4,-1958.34
23.41,-1942.23
23.42,-1923.75
23.43,-1901.72
23.44,-1879.07
23.45,-1858.67
23.46,-1839.69
23.47,-1824.44
23.48,-1812.31
23.49,-1802.04
23.5,-1793.11
23.51,-1784.48
23.52,-1775.58
23.53,-1765.50
23.54,-1752.80
23.55,-1739.11
23.56,-1726.51
23.57,-1715.16
23.58,-1708.88
23.59,-1708.09
23.6,-1711.77
23.61,-1719.57
23.62,-1728.52
23.63,-1736.01
23.64,-1740.78
23.65,-1743.55
23.66,-1743.55
23.67,-1742.91
23.68,-1740.75
23.69,-1740.75
23.7,-1736.61
23.71,-1736.61
23.72,-1736.61
23.73,-1740.99
23.74,-1748.00
23.75,-1757.03
23.76,-1766.15
23.77,-1775.47
23.78,-1781.96
23.79,-1785.36
23.8,-1787.94
23.81,-1790.35
23.82,-1796.11
23.83,-1807.88
23.84,-1822.90
23.85,-1840.40
23.86,-1857.88
23.87,-1873.50
23.88,-1889.85
23.89,-1906.89
23.9,-1924.77
23.91,-1942.88
23.92,-1960.90
23.93,-1978.13
23.94,-1993.88
23.95,-2007.83
23.96,-2020.02
23.97,-2030.62
23.98,-2039.97
23.99,-2048.52
24,-2056.13
24.01,-2062.92
24.02,-2068.70
24.03,-2073.53
24.04,-2077.59
24.05,-2080.80
24.06,-2080.80
24.07,-2082.63
24.08,-2084.08
24.09,-2085.07
24.1,-2085.65
24.11,-2085.76
24.12,-2085.69
24.13,-2085.17
24.14,-2083.97
24.15,-2081.80
24.16,-2081.80
24.17,-2077.44
24.18,-2073.48
24.19,-2070.00
24.2,-2070.00
24.21,-2068.22
24.22,-2066.25
24.23,-2064.28
24.24,-2062.69
24.25,-2061.31
24.26,-2060.00
24.27,-2058.66
24.28,-2057.67
24.29,-2057.41
24.3,-2058.13
24.31,-2060.04
24.32,-2060.04
24.33,-2066.31
24.34,-2074.59
24.35,-2085.29
24.36,-2099.01
24.37,-2116.09
24.38,-2136.53
24.39,-2160.88
24.4,-2189.29
24.41,-2221.08
24.42,-2255.66
24.43,-2291.05
24.44,-2325.14
24.45,-2357.13
24.46,-2386.60
24.47,-2414.23
24.48,-2443.37
24.49,-2468.03
24.5,-2486.13
24.51,-2486.13
24.52,-2486.53
24.53,-2486.98
24.54,-2486.98
24.55,-2499.17
24.56,-2507.38
24.57,-2509.78
24.58,-2499.52
24.59,-2480.55
24.6,-2455.31
24.61,-2425.03
24.62,-2387.86
24.63,-2347.14
24.64,-2306.36
24.65,-2267.53
24.66,-2234.10
24.67,-2210.17
24.68,-2196.80
24.69,-2190.97
24.7,-2190.80
24.71,-2190.96
24.72,-2189.71
24.73,-2187.47
24.74,-2180.34
24.75,-2169.96
24.76,-2157.12
24.77,-2141.98
24.78,-2127.45
24.79,-2113.56
24.8,-2100.15
24.81,-2088.57
24.82,-2078.60
24.83,-2069.37
24.84,-2061.60
24.85,-2054.38
24.86,-2047.42
24.87,-2041.38
24.88,-2035.59
24.89,-2029.84
24.9,-2024.42
24.91,-2017.64
24.92,-2008.83
24.93,-2000.89
24.94,-1990.80
24.95,-1983.35
24.96,-1979.71
24.97,-1979.18
24.98,-1984.20
24.99,-1991.81
25,-2000.45
25.01,-2006.48
25.02,-2009.87
25.03,-2008.11
25.04,-2001.27
25.05,-1991.72
25.06,-1980.85
25.07,-1972.04
25.08,-1966.37
25.09,-1962.93
25.1,-1959.95
25.11,-1957.21
25.12,-1955.41
25.13,-1954.52
25.14,-1954.69
25.15,-1960.20
25.16,-1967.23
25.17,-1975.43
25.18,-1982.02
25.19,-1989.98
25.2,-2000.44
25.21,-2014.32
25.22,-2031.12
25.23,-2050.45
25.24,-2071.88
25.25,-2094.47
25.26,-2117.65
25.27,-2139.52
25.28,-2159.04
25.29,-2176.79
25.3,-2192.54
25.31,-2205.88
25.32,-2217.26
25.33,-2226.21
25.34,-2232.80
25.35,-2237.99
25.36,-2242.31
25.37,-2246.93
25.38,-2252.34
25.39,-2258.65
25.4,-2265.54
25.41,-2272.56
25.42,-2279.18
25.43,-2285.14
25.44,-2290.14
25.45,-2294.31
25.46,-2297.95
25.47,-2301.05
25.48,-2304.33
25.49,-2307.58
25.5,-2311.22
25.51,-2315.02
25.52,-2315.02
25.53,-2316.29
25.54,-2316.31
25.55,-2315.21
25.56,-2313.49
25.57,-2311.28
25.58,-2308.95
25.59,-2306.25
25.6,-2304.01
25.61,-2302.63
25.62,-2301.41
25.63,-2300.60
25.64,-2299.24
25.65,-2297.00
25.66,-2294.24
25.67,-2290.98
25.68,-2287.51
25.69,-2284.23
25.7,-2281.94
25.71,-2280.93
25.72,-2281.21
25.73,-2282.57
25.74,-2284.79
25.75,-2284.79
25.76,-2290.85
25.77,-2299.10
25.78,-2309.88
25.79,-2323.71
25.8,-2341.22
25.81,-2363.00
25.82,-2389.07
25.83,-2418.23
25.84,-2449.56
25.85,-2481.25
25.86,-2512.88
25.87,-2543.71
25.88,-2572.49
25.89,-2601.30
25.9,-2631.93
25.91,-2661.78
25.92,-2685.70
25.93,-2701.91
25.94,-2701.91
25.95,-2702.38
25.96,-2702.38
25.97,-2719.08
25.98,-2745.00
25.99,-2766.73
26,-2773.01
26.01,-2761.07
26.02,-2729.58
26.03,-2691.85
26.04,-2653.25
26.05,-2612.45
26.06,-2571.63
26.07,-2532.24
26.08,-2496.67
26.09,-2468.58
26.1,-2451.16
26.11,-2440.93
26.12,-2436.12
26.13,-2436.42
26.14,-2433.77
26.15,-2430.21
26.16,-2425.27
26.17,-2412.06
26.18,-2395.75
26.19,-2376.97
26.2,-2355.15
26.21,-2335.14
26.22,-2317.66
26.23,-2302.54
26.24,-2291.40
26.25,-2283.01
26.26,-2276.56
26.27,-2272.23
26.28,-2268.66
26.29,-2265.37
26.3,-2261.84
26.31,-2257.11
26.32,-2250.87
26.33,-2243.63
26.34,-2235.42
26.35,-2226.63
26.36,-2218.21
26.37,-2209.96
26.38,-2200.34
26.39,-2194.15
26.4,-2188.06
26.41,-2181.31
26.42,-2178.99
26.43,-2175.21
26.44,-2175.21
26.45,-2177.80
26.46,-2178.95
26.47,-2177.95
26.48,-2175.40
26.49,-2173.16
26.5,-2172.26
26.51,-2172.26
26.52,-2171.94
26.53,-2171.94
26.54,-2176.25
26.55,-2181.80
26.56,-2187.83
26.57,-2194.55
26.58,-2201.68
26.59,-2209.11
26.6,-2215.80
26.61,-2222.54
26.62,-2229.92
26.63,-2238.04
26.64,-2249.03
26.65,-2263.49
26.66,-2280.45
26.67,-2300.27
26.68,-2321.52
26.69,-2342.84
26.7,-2364.30
26.71,-2384.48
26.72,-2402.86
26.73,-2419.29
26.74,-2433.27
26.75,-2445.28
26.76,-2455.91
26.77,-2465.16
26.78,-2472.90
26.79,-2479.22
26.8,-2483.67
26.81,-2486.96
26.82,-2489.74
26.83,-2492.27
26.84,-2494.85
26.85,-2497.53
26.86,-2500.40
26.87,-2503.40
26.88,-2506.05
26.89,-2506.05
26.9,-2507.47
26.91,-2508.22
26.92,-2508.33
26.93,-2507.68
26.94,-2507.34
26.95,-2508.14
26.96,-2510.04
26.97,-2512.63
26.98,-2514.96
26.99,-2516.17
27,-2516.11
27.01,-2514.98
27.02,-2513.20
27.03,-2510.97
27.04,-2508.32
27.05,-2505.61
27.06,-2503.15
27.07,-2501.17
27.08,-2499.84
27.09,-2499.00
27.1,-2498.27
27.11,-2497.20
27.12,-2496.12
27.13,-2495.30
27.14,-2495.00
27.15,-2495.35
27.16,-2496.42
27.17,-2498.56
27.18,-2498.56
27.19,-2506.29
27.2,-2516.89
27.21,-2530.38
27.22,-2546.88
27.23,-2566.92
27.24,-2589.02
27.25,-2614.58
27.26,-2642.95
27.27,-2674.17
27.28,-2707.78
27.29,-2741.76
27.3,-2774.62
27.31,-2806.70
27.32,-2838.50
27.33,-2862.35
27.34,-2878.91
27.35,-2878.91
27.36,-2878.79
27.37,-2878.76
27.38,-2878.73
27.39,-2878.73
27.4,-2896.29
27.41,-2916.56
27.42,-2931.08
27.43,-2933.38
27.44,-2921.06
27.45,-2897.33
27.46,-2869.05
27.47,-2835.49
27.48,-2796.17
27.49,-2755.35
27.5,-2714.79
27.51,-2676.56
27.52,-2644.04
27.53,-2620.22
27.54,-2607.90
27.55,-2602.66
27.56,-2604.50
27.57,-2611.27
27.58,-2616.05
27.59,-2622.34
27.6,-2624.40
27.61,-2617.91
27.62,-2606.14
27.63,-2586.91
27.64,-2561.87
27.65,-2536.16
27.66,-2511.45
27.67,-2490.07
27.68,-2473.74
27.69,-2462.00
27.7,-2454.04
27.71,-2448.61
27.72,-2444.76
27.73,-2441.29
27.74,-2437.16
27.75,-2431.99
27.76,-2425.42
27.77,-2417.05
27.78,-2407.73
27.79,-2398.25
27.8,-2388.55
27.81,-2379.63
27.82,-2372.58
27.83,-2364.27
27.84,-2358.98
27.85,-2357.72
27.86,-2356.76
27.87,-2361.50
27.88,-2366.93
27.89,-2371.33
27.9,-2378.19
27.91,-2384.12
27.92,-2389.52
27.93,-2393.76
27.94,-2393.76
27.95,-2387.72
27.96,-2381.48
27.97,-2375.68
27.98,-2370.05
27.99,-2365.36
28,-2358.95
28.01,-2351.99
28.02,-2344.51
28.03,-2339.46
28.04,-2339.58
28.05,-2342.79
28.06,-2350.20
28.07,-2360.56
28.08,-2371.41
28.09,-2383.92
28.1,-2398.16
28.11,-2410.74
28.12,-2424.63
28.13,-2440.74
28.14,-2458.79
28.15,-2479.10
28.16,-2500.38
28.17,-2520.85
28.18,-2539.52
28.19,-2556.39
28.2,-2571.60
28.21,-2585.77
28.22,-2599.17
28.23,-2611.85
28.24,-2623.32
28.25,-2633.50
28.26,-2642.23
28.27,-2649.71
28.28,-2656.56
28.29,-2662.93
28.3,-2668.85
28.31,-2674.24
28.32,-2678.59
28.33,-2681.57
28.34,-2681.57
28.35,-2681.87
28.36,-2681.96
28.37,-2681.38
28.38,-2680.48
28.39,-2679.01
28.4,-2677.09
28.41,-2675.05
28.42,-2672.80
28.43,-2670.53
28.44,-2668.29
28.45,-2665.96
28.46,-2663.49
28.47,-2660.82
28.48,-2657.62
28.49,-2657.62
28.5,-2653.89
28.51,-2653.89
28.52,-2654.33
28.53,-2654.33
28.54,-2661.31
28.55,-2669.48
28.56,-2678.15
28.57,-2687.81
28.58,-2698.80
28.59,-2711.74
28.6,-2727.68
28.61,-2746.77
28.62,-2769.67
28.63,-2796.73
28.64,-2828.23
28.65,-2863.23
28.66,-2900.72
28.67,-2939.37
28.68,-2975.08
28.69,-3001.14
28.7,-3017.33
28.71,-3017.33
28.72,-3017.25
28.73,-3017.22
28.74,-3017.19
28.75,-3017.15
28.76,-3017.10
28.77,-3017.04
28.78,-3016.97
28.79,-3016.86
28.8,-3016.57
28.81,-3016.57
28.82,-3009.86
28.83,-3000.76
28.84,-2985.36
28.85,-2962.95
28.86,-2932.67
28.87,-2894.79
28.88,-2853.98
28.89,-2813.16
28.9,-2773.12
28.91,-2738.35
28.92,-2711.64
28.93,-2693.26
28.94,-2684.40
28.95,-2682.20
28.96,-2682.14
28.97,-2684.26
28.98,-2687.11
28.99,-2686.79
29,-2685.18
29.01,-2681.91
29.02,-2674.99
29.03,-2667.05
29.04,-2658.11
29.05,-2647.61
29.06,-2637.40
29.07,-2627.69
29.08,-2617.62
29.09,-2607.98
29.1,-2598.31
29.11,-2587.72
29.12,-2576.68
29.13,-2564.95
29.14,-2552.71
29.15,-2541.19
29.16,-2530.40
29.17,-2521.49
29.18,-2514.41
29.19,-2508.49
29.2,-2503.92
29.21,-2499.69
29.22,-2494.95
29.23,-2490.00
29.24,-2484.33
29.25,-2478.44
29.26,-2473.53
29.27,-2473.53
29.28,-2473.70
29.29,-2471.39
29.3,-2465.84
29.31,-2457.21
29.32,-2447.38
29.33,-2439.05
29.34,-2434.29
29.35,-2432.39
29.36,-2432.18
29.37,-2433.25
29.38,-2435.41
29.39,-2441.59
29.4,-2453.86
29.41,-2469.02
29.42,-2486.21
29.43,-2500.22
29.44,-2509.61
29.45,-2516.88
29.46,-2522.08
29.47,-2530.89
29.48,-2548.36
29.49,-2572.13
29.5,-2599.40
29.51,-2627.19
29.52,-2650.42
29.53,-2670.81
29.54,-2689.78
29.55,-2706.54
29.56,-2721.12
29.57,-2733.77
29.58,-2744.94
29.59,-2754.43
29.6,-2762.16
29.61,-2768.09
29.62,-2768.09
29.63,-2769.01
29.64,-2769.02
29.65,-2768.01
29.66,-2766.43
29.67,-2764.54
29.68,-2762.56
29.69,-2760.78
29.7,-2759.39
29.71,-2758.50
29.72,-2757.80
29.73,-2757.25
29.74,-2756.76
29.75,-2756.42
29.76,-2756.72
29.77,-2757.86
29.78,-2759.59
29.79,-2761.36
29.8,-2762.34
29.81,-2762.13
29.82,-2760.60
29.83,-2758.19
29.84,-2755.06
29.85,-2751.61
29.86,-2748.33
29.87,-2745.34
29.88,-2743.33
29.89,-2742.19
29.9,-2742.15
29.91,-2743.69
29.92,-2743.69
29.93,-2751.80
29.94,-2762.00
29.95,-2774.15
29.96,-2788.29
29.97,-2804.63
29.98,-2823.33
29.99,-2844.54
30,-2868.37
30.01,-2895.06
30.02,-2925.11
30.03,-2958.89
30.04,-2995.60
30.05,-3032.78
30.06,-3061.14
30.07,-3079.45
30.08,-3079.45
30.09,-3079.18
30.1,-3079.02
30.11,-3079.03
30.12,-3079.02
30.13,-3078.92
30.14,-3078.73
30.15,-3078.48
30.16,-3078.24
30.17,-3078.03
30.18,-3077.85
30.19,-3077.69
30.2,-3077.48
30.21,-3077.12
30.22,-3077.12
30.23,-3067.50
30.24,-3054.44
30.25,-3035.72
30.26,-3012.13
30.27,-2983.06
30.28,-2947.42
30.29,-2907.26
30.3,-2866.45
30.31,-2825.92
30.32,-2788.94
30.33,-2757.53
30.34,-2733.05
30.35,-2717.25
30.36,-2706.67
30.37,-2698.92
30.38,-2693.15
30.39,-2686.96
30.4,-2679.58
30.41,-2671.89
30.42,-2662.80
30.43,-2652.67
30.44,-2642.63
30.45,-2632.30
30.46,-2622.03
30.47,-2611.58
30.48,-2601.28
30.49,-2591.28
30.5,-2582.05
30.51,-2574.30
30.52,-2567.52
30.53,-2559.37
30.54,-2548.95
30.55,-2539.47
30.56,-2525.86
30.57,-2513.18
30.58,-2501.40
30.59,-2488.48
30.6,-2479.31
30.61,-2470.76
30.62,-2462.21
30.63,-2451.84
30.64,-2442.19
30.65,-2436.78
30.66,-2436.78
30.67,-2438.37
30.68,-2438.94
30.69,-2438.94
30.7,-2434.72
30.71,-2434.72
30.72,-2448.27
30.73,-2471.19
30.74,-2497.77
30.75,-2528.65
30.76,-2556.58
30.77,-2580.08
30.78,-2600.59
30.79,-2618.53
30.8,-2636.21
30.81,-2653.14
30.82,-2669.68
30.83,-2685.05
30.84,-2698.83
30.85,-2711.28
30.86,-2722.81
30.87,-2733.20
30.88,-2742.15
30.89,-2749.36
30.9,-2754.72
30.91,-2758.32
30.92,-2758.32
30.93,-2758.94
30.94,-2758.74
30.95,-2757.68
30.96,-2755.68
30.97,-2752.77
30.98,-2752.77
30.99,-2748.84
31,-2745.31
31.01,-2745.31
31.02,-2743.67
31.03,-2742.88
31.04,-2743.16
31.05,-2744.45
31.06,-2744.45
31.07,-2751.20
31.08,-2760.26
31.09,-2771.31
31.1,-2784.66
31.11,-2800.46
31.12,-2818.49
31.13,-2836.85
31.14,-2857.30
31.15,-2879.85
31.16,-2906.13
31.17,-2937.14
31.18,-2969.25
31.19,-3002.29
31.2,-3033.29
31.21,-3063.56
31.22,-3086.90
31.23,-3102.18
31.24,-3102.18
31.25,-3101.97
31.26,-3101.77
31.27,-3101.64
31.28,-3101.50
31.29,-3101.34
31.3,-3101.12
31.31,-3100.90
31.32,-3100.68
31.33,-3100.46
31.34,-3100.32
31.35,-3100.08
31.36,-3100.08
31.37,-3099.69
31.38,-3098.13
31.39,-3094.04
31.4,-3085.78
31.41,-3069.28
31.42,-3043.89
31.43,-3010.97
31.44,-2971.84
31.45,-2931.07
31.46,-2892.04
31.47,-2856.56
31.48,-2827.50
31.49,-2807.35
31.5,-2793.06
31.51,-2785.25
31.52,-2780.02
31.53,-2772.97
31.54,-2765.36
31.55,-2752.68
31.56,-2734.16
31.57,-2712.54
31.58,-2688.17
31.59,-2663.09
31.6,-2640.79
31.61,-2621.52
31.62,-2605.08
31.63,-2592.54
31.64,-2583.04
31.65,-2572.43
31.66,-2562.08
31.67,-2552.08
31.68,-2542.68
31.69,-2542.68
31.7,-2545.26
31.71,-2544.70
31.72,-2538.03
31.73,-2526.25
31.74,-2513.11
31.75,-2501.37
31.76,-2495.19
31.77,-2492.81
31.78,-2492.81
31.79,-2492.63
31.8,-2491.81
31.81,-2490.07
31.82,-2490.07
31.83,-2485.92
31.84,-2485.92
31.85,-2501.94
31.86,-2526.18
31.87,-2554.97
31.88,-2582.32
31.89,-2605.98
31.9,-2626.77
31.91,-2646.99
31.92,-2666.41
31.93,-2686.30
31.94,-2705.18
31.95,-2723.25
31.96,-2739.25
31.97,-2753.02
31.98,-2764.51
31.99,-2774.40
32,-2783.40
32.01,-2791.79
32.02,-2799.53
32.03,-2806.21
32.04,-2811.48
32.05,-2815.50
32.06,-2815.50
32.07,-2816.98
32.08,-2817.70
32.09,-2817.77
32.1,-2817.06
32.11,-2816.24
32.12,-2815.61
32.13,-2815.26
32.14,-2815.26
32.15,-2815.60
32.16,-2816.24
32.17,-2817.28
32.18,-2818.67
32.19,-2820.49
32.2,-2822.24
32.21,-2824.16
32.22,-2826.00
32.23,-2828.04
32.24,-2830.30
32.25,-2832.63
32.26,-2834.97
32.27,-2837.05
32.28,-2839.06
32.29,-2840.96
32.3,-2843.34
32.31,-2843.34
32.32,-2850.81
32.33,-2861.29
32.34,-2875.26
32.35,-2893.24
32.36,-2915.74
32.37,-2943.33
32.38,-2976.26
32.39,-3012.80
32.4,-3051.83
32.41,-3088.00
32.42,-3114.01
32.43,-3131.98
32.44,-3131.98
32.45,-3131.98
32.46,-3131.79
32.47,-3131.61
32.48,-3131.44
32.49,-3131.38
32.5,-3131.18
32.51,-3130.92
32.52,-3130.92
32.53,-3130.62
32.54,-3129.64
32.55,-3126.00
32.56,-3115.32
32.57,-3096.61
32.58,-3068.48
32.59,-3032.62
32.6,-2992.15
32.61,-2951.78
32.62,-2913.47
32.63,-2879.41
32.64,-2853.05
32.65,-2834.85
32.66,-2822.52
32.67,-2816.87
32.68,-2814.21
32.69,-2812.46
32.7,-2813.28
32.71,-2811.42
32.72,-2805.74
32.73,-2797.81
32.74,-2784.60
32.75,-2768.60
32.76,-2751.63
32.77,-2732.77
32.78,-2714.75
32.79,-2698.28
32.8,-2683.17
32.81,-2670.69
32.82,-2660.35
32.83,-2651.28
32.84,-2643.68
32.85,-2637.00
32.86,-2631.54
32.87,-2625.55
32.88,-2620.18
32.89,-2615.32
32.9,-2609.72
32.91,-2606.30
32.92,-2603.42
32.93,-2600.32
32.94,-2597.20
32.95,-2592.94
32.96,-2587.26
32.97,-2580.60
32.98,-2572.81
32.99,-2563.63
33,-2554.61
33.01,-2546.68
33.02,-2539.56
33.03,-2534.50
33.04,-2530.69
33.05,-2530.69
33.06,-2530.69
33.07,-2532.89
33.08,-2535.70
33.09,-2538.89
33.1,-2541.86
33.11,-2546.01
33.12,-2556.78
33.13,-2573.06
33.14,-2595.51
33.15,-2622.17
33.16,-2646.31
33.17,-2669.28
33.18,-2689.71
33.19,-2708.41
33.2,-2726.79
33.21,-2744.52
33.22,-2761.87
33.23,-2777.92
33.24,-2792.19
33.25,-2804.60
33.26,-2814.87
33.27,-2823.66
33.28,-2830.91
33.29,-2837.29
33.3,-2842.77
33.31,-2847.20
33.32,-2851.11
33.33,-2851.11
33.34,-2853.34
33.35,-2855.31
33.36,-2857.03
33.37,-2858.21
33.38,-2858.71
33.39,-2858.45
33.4,-2857.43
33.41,-2855.85
33.42,-2853.92
33.43,-2852.00
33.44,-2850.69
33.45,-2850.24
33.46,-2850.74
33.47,-2851.86
33.48,-2853.33
33.49,-2855.17
33.5,-2857.51
33.51,-2860.54
33.52,-2863.94
33.53,-2867.46
33.54,-2870.80
33.55,-2873.94
33.56,-2876.98
33.57,-2880.15
33.58,-2883.52
33.59,-2883.52
33.6,-2888.02
33.61,-2893.06
33.62,-2899.07
33.63,-2906.87
33.64,-2916.95
33.65,-2930.09
33.66,-2946.50
33.67,-2966.32
33.68,-2989.45
33.69,-3014.02
33.7,-3040.33
33.71,-3068.64
33.72,-3099.05
33.73,-3131.36
33.74,-3157.24
33.75,-3174.75
33.76,-3174.75
33.77,-3174.65
33.78,-3174.55
33.79,-3174.43
33.8,-3174.32
33.81,-3174.21
33.82,-3174.10
33.83,-3173.98
33.84,-3173.87
33.85,-3173.74
33.86,-3173.58
33.87,-3173.58
33.88,-3172.85
33.89,-3172.37
33.9,-3171.93
33.91,-3170.25
33.92,-3165.68
33.93,-3151.77
33.94,-3127.37
33.95,-3093.87
33.96,-3054.11
33.97,-3013.38
33.98,-2974.92
33.99,-2941.38
34,-2916.98
34.01,-2902.04
34.02,-2894.24
34.03,-2892.89
34.04,-2893.30
34.05,-2894.25
34.06,-2895.70
34.07,-2894.02
34.08,-2888.05
34.09,-2878.95
34.1,-2865.56
34.11,-2849.19
34.12,-2831.52
34.13,-2812.38
34.14,-2793.19
34.15,-2775.25
34.16,-2758.72
34.17,-2744.12
34.18,-2732.22
34.19,-2721.93
34.2,-2713.51
34.21,-2706.70
34.22,-2699.73
34.23,-2691.85
34.24,-2683.80
34.25,-2676.33
34.26,-2670.25
34.27,-2666.45
34.28,-2662.65
34.29,-2656.92
34.3,-2648.36
34.31,-2636.70
34.32,-2624.08
34.33,-2611.92
34.34,-2601.84
34.35,-2595.22
34.36,-2588.44
34.37,-2583.75
34.38,-2582.12
34.39,-2583.55
34.4,-2589.13
34.41,-2595.31
34.42,-2601.93
34.43,-2608.36
34.44,-2614.38
34.45,-2619.46
34.46,-2625.18
34.47,-2633.00
34.48,-2645.80
34.49,-2666.13
34.5,-2688.07
34.51,-2709.78
34.52,-2729.53
34.53,-2745.69
34.54,-2760.90
34.55,-2775.43
34.56,-2790.60
34.57,-2806.65
34.58,-2823.49
34.59,-2840.04
34.6,-2854.86
34.61,-2867.68
34.62,-2878.77
34.63,-2888.54
34.64,-2897.45
34.65,-2905.91
34.66,-2913.96
34.67,-2921.59
34.68,-2928.92
34.69,-2935.41
34.7,-2940.84
34.71,-2945.24
34.72,-2945.24
34.73,-2947.23
34.74,-2948.88
34.75,-2950.29
34.76,-2951.43
34.77,-2952.24
34.78,-2952.97
34.79,-2953.71
34.8,-2954.33
34.81,-2954.72
34.82,-2954.66
34.83,-2953.80
34.84,-2952.08
34.85,-2949.58
34.86,-2946.27
34.87,-2942.93
34.88,-2939.79
34.89,-2937.31
34.9,-2935.82
34.91,-2935.03
34.92,-2935.22
34.93,-2935.97
34.94,-2937.57
34.95,-2939.74
34.96,-2939.74
34.97,-2945.97
34.98,-2954.52
34.99,-2965.42
35,-2978.41
35.01,-2993.26
35.02,-3009.92
35.03,-3028.05
35.04,-3047.32
35.05,-3068.01
35.06,-3091.14
35.07,-3117.54
35.08,-3146.15
35.09,-3178.05
35.1,-3211.21
35.11,-3236.41
35.12,-3254.34
35.13,-3254.34
35.14,-3254.23
35.15,-3254.26
35.16,-3254.29
35.17,-3254.31
35.18,-3254.30
35.19,-3254.24
35.2,-3254.17
35.21,-3254.10
35.22,-3254.04
35.23,-3253.99
35.24,-3253.89
35.25,-3253.71
35.26,-3253.71
35.27,-3249.19
35.28,-3242.26
35.29,-3231.86
35.3,-3216.37
35.31,-3195.01
35.32,-3165.95
35.33,-3130.19
35.34,-3090.19
35.35,-3049.97
35.36,-3010.56
35.37,-2974.99
35.38,-2947.64
35.39,-2927.12
35.4,-2914.86
35.41,-2910.21
35.42,-2906.10
35.43,-2903.93
35.44,-2901.67
35.45,-2894.76
35.46,-2886.89
35.47,-2877.79
35.48,-2866.78
35.49,-2857.10
35.5,-2847.87
35.51,-2837.70
35.52,-2828.48
35.53,-2819.25
35.54,-2809.42
35.55,-2800.37
35.56,-2791.45
35.57,-2782.46
35.58,-2774.01
35.59,-2766.12
35.6,-2758.87
35.61,-2750.30
35.62,-2740.78
35.63,-2732.80
35.64,-2724.88
35.65,-2719.33
35.66,-2715.72
35.67,-2711.32
35.68,-2707.96
35.69,-2704.23
35.7,-2700.38
35.71,-2695.52
35.72,-2690.39
35.73,-2685.73
35.74,-2681.61
35.75,-2681.61
35.76,-2679.60
35.77,-2679.60
35.78,-2680.22
35.79,-2680.22
35.8,-2687.66
35.81,-2699.38
35.82,-2714.61
35.83,-2732.82
35.84,-2750.69
35.85,-2767.31
35.86,-2781.33
35.87,-2794.36
35.88,-2808.28
35.89,-2821.63
35.9,-2834.46
35.91,-2847.31
35.92,-2859.65
35.93,-2871.42
35.94,-2882.37
35.95,-2892.47
35.96,-2901.83
35.97,-2910.94
35.98,-2920.30
35.99,-2929.86
36,-2939.59
36.01,-2949.46
36.02,-2959.27
36.03,-2968.62
36.04,-2977.20
36.05,-2984.81
36.06,-2991.17
36.07,-2996.29
36.08,-2996.29
36.09,-2997.48
36.1,-2997.86
36.11,-2997.66
36.12,-2997.38
36.13,-2996.96
36.14,-2996.16
36.15,-2995.04
36.16,-2993.76
36.17,-2992.35
36.18,-2990.95
36.19,-2989.46
36.2,-2987.71
36.21,-2986.03
36.22,-2984.70
36.23,-2984.19
36.24,-2984.74
36.25,-2986.21
36.26,-2988.61
36.27,-2988.61
36.28,-2994.23
36.29,-3001.19
36.3,-3009.61
36.31,-3019.53
36.32,-3030.85
36.33,-3044.15
36.34,-3059.58
36.35,-3077.54
36.36,-3098.98
36.37,-3124.23
36.38,-3153.01
36.39,-3184.28
36.4,-3215.05
36.41,-3245.03
36.42,-3271.06
36.43,-3289.10
36.44,-3300.63
36.45,-3300.63
36.46,-3300.55
36.47,-3300.52
36.48,-3300.49
36.49,-3300.47
36.5,-3300.47
36.51,-3300.47
36.52,-3316.29
36.53,-3339.54
36.54,-3359.01
36.55,-3367.41
36.56,-3363.39
36.57,-3349.20
36.58,-3331.77
36.59,-3309.71
36.6,-3279.66
36.61,-3242.13
36.62,-3201.33
36.63,-3160.51
36.64,-3120.86
36.65,-3086.65
36.66,-3061.97
36.67,-3045.85
36.68,-3039.71
36.69,-3040.47
36.7,-3042.28
36.71,-3047.05
36.72,-3051.05
36.73,-3050.74
36.74,-3047.94
36.75,-3040.96
36.76,-3029.03
36.77,-3014.74
36.78,-2997.50
36.79,-2977.71
36.8,-2958.06
36.81,-2938.91
36.82,-2921.08
36.83,-2905.44
36.84,-2891.64
36.85,-2879.05
36.86,-2867.19
36.87,-2856.23
36.88,-2846.17
36.89,-2837.25
36.9,-2829.91
36.91,-2823.95
36.92,-2819.10
36.93,-2814.84
36.94,-2809.85
36.95,-2807.11
36.96,-2803.56
36.97,-2799.88
36.98,-2797.97
36.99,-2794.89
37,-2794.52
37.01,-2795.75
37.02,-2798.19
37.03,-2799.84
37.04,-2797.36
37.05,-2791.67
37.06,-2783.65
37.07,-2776.50
37.08,-2776.50
37.09,-2777.64
37.1,-2779.54
37.11,-2779.54
37.12,-2786.56
37.13,-2796.05
37.14,-2806.38
37.15,-2819.82
37.16,-2832.98
37.17,-2846.08
37.18,-2860.37
37.19,-2874.76
37.2,-2890.89
37.21,-2907.16
37.22,-2923.06
37.23,-2937.99
37.24,-2951.14
37.25,-2963.56
37.26,-2975.50
37.27,-2986.93
37.28,-2997.98
37.29,-3008.99
37.3,-3020.49
37.31,-3032.40
37.32,-3044.57
37.33,-3056.65
37.34,-3067.84
37.35,-3077.96
37.36,-3087.10
37.37,-3095.13
37.38,-3102.02
37.39,-3107.55
37.4,-3111.87
37.41,-3111.87
37.42,-3113.18
37.43,-3113.55
37.44,-3113.12
37.45,-3111.77
37.46,-3110.24
37.47,-3108.51
37.48,-3106.42
37.49,-3104.03
37.5,-3100.99
37.51,-3097.61
37.52,-3094.59
37.53,-3092.53
37.54,-3091.53
37.55,-3091.34
37.56,-3091.42
37.57,-3091.42
37.58,-3091.76
37.59,-3092.86
37.6,-3094.96
37.61,-3094.96
37.62,-3101.61
37.63,-3109.85
37.64,-3119.45
37.65,-3129.88
37.66,-3141.02
37.67,-3152.78
37.68,-3165.72
37.69,-3180.68
37.7,-3198.56
37.71,-3219.77
37.72,-3244.40
37.73,-3271.92
37.74,-3300.88
37.75,-3330.17
37.76,-3357.99
37.77,-3385.37
37.78,-3408.64
37.79,-3425.22
37.8,-3435.95
37.81,-3435.95
37.82,-3436.37
37.83,-3436.37
37.84,-3456.30
37.85,-3486.33
37.86,-3525.91
37.87,-3563.67
37.88,-3587.10
37.89,-3595.11
37.9,-3590.88
37.91,-3573.21
37.92,-3549.44
37.93,-3520.67
37.94,-3483.72
37.95,-3442.90
37.96,-3402.76
37.97,-3366.07
37.98,-3335.22
37.99,-3315.12
38,-3303.21
38.01,-3297.61
38.02,-3301.34
38.03,-3305.73
38.04,-3310.37
38.05,-3314.86
38.06,-3308.79
38.07,-3294.89
38.08,-3274.26
38.09,-3244.56
38.1,-3213.84
38.11,-3185.26
38.12,-3160.15
38.13,-3142.21
38.14,-3129.83
38.15,-3121.44
38.16,-3116.93
38.17,-3115.36
38.18,-3114.19
38.19,-3112.48
38.2,-3110.07
38.21,-3105.13
38.22,-3098.29
38.23,-3090.34
38.24,-3080.71
38.25,-3070.10
38.26,-3059.60
38.27,-3050.68
38.28,-3043.51
38.29,-3036.83
38.3,-3030.96
38.31,-3024.11
38.32,-3015.81
38.33,-3007.39
38.34,-2995.93
38.35,-2984.20
38.36,-2973.74
38.37,-2965.13
38.38,-2960.72
38.39,-2957.38
38.4,-2954.54
38.41,-2950.84
38.42,-2946.28
38.43,-2946.28
38.44,-2954.91
38.45,-2964.45
38.46,-2974.78
38.47,-2986.85
38.48,-2999.88
38.49,-3013.15
38.5,-3027.16
38.51,-3044.17
38.52,-3065.98
38.53,-3090.62
38.54,-3116.61
38.55,-3139.91
38.56,-3159.69
38.57,-3178.15
38.58,-3195.33
38.59,-3211.39
38.6,-3225.84
38.61,-3238.27
38.62,-3248.46
38.63,-3255.93
38.64,-3261.54
38.65,-3266.08
38.66,-3270.11
38.67,-3274.58
38.68,-3279.55
38.69,-3285.13
38.7,-3291.14
38.71,-3297.28
38.72,-3303.41
38.73,-3309.55
38.74,-3315.78
38.75,-3321.84
38.76,-3327.58
38.77,-3332.88
38.78,-3337.40
38.79,-3341.29
38.8,-3341.29
38.81,-3343.49
38.82,-3345.18
38.83,-3346.54
38.84,-3347.56
38.85,-3348.35
38.86,-3348.96
38.87,-3349.35
38.88,-3349.61
38.89,-3349.82
38.9,-3349.88
38.91,-3349.61
38.92,-3347.78
38.93,-3345.40
38.94,-3342.77
38.95,-3340.39
38.96,-3338.63
38.97,-3337.47
38.98,-3337.69
38.99,-3337.69
39,-3343.82
39.01,-3352.04
39.02,-3363.19
39.03,-3377.44
39.04,-3395.09
39.05,-3416.86
39.06,-3443.25
39.07,-3473.85
39.08,-3507.23
39.09,-3541.97
39.1,-3576.19
39.11,-3608.73
39.12,-3640.83
39.13,-3671.43
39.14,-3694.04
39.15,-3709.56
39.16,-3709.56
39.17,-3710.25
39.18,-3710.91
39.19,-3711.55
39.2,-3712.09
39.21,-3712.09
39.22,-3707.95
39.23,-3700.49
39.24,-3690.17
39.25,-3675.35
39.26,-3655.52
39.27,-3628.73
39.28,-3594.44
39.29,-3554.85
39.3,-3514.03
39.31,-3473.21
39.32,-3435.78
39.33,-3405.48
39.34,-3384.71
39.35,-3375.03
39.36,-3373.68
39.37,-3375.93
39.38,-3378.97
39.39,-3379.91
39.4,-3376.06
39.41,-3368.15
39.42,-3355.52
39.43,-3339.67
39.44,-3323.19
39.45,-3306.74
39.46,-3292.21
39.47,-3279.52
39.48,-3268.21
39.49,-3257.93
39.5,-3247.95
39.51,-3238.13
39.52,-3228.99
39.53,-3220.38
39.54,-3212.35
39.55,-3204.99
39.56,-3198.17
39.57,-3189.00
39.58,-3181.64
39.59,-3173.05
39.6,-3165.00
39.61,-3161.60
39.62,-3159.70
39.63,-3162.77
39.64,-3168.31
39.65,-3174.98
39.66,-3180.56
39.67,-3183.75
39.68,-3183.45
39.69,-3179.73
39.7,-3173.93
39.71,-3167.59
39.72,-3162.74
39.73,-3159.24
39.74,-3157.04
39.75,-3157.04
39.76,-3156.07
39.77,-3156.79
39.78,-3156.79
39.79,-3164.45
39.8,-3172.99
39.81,-3183.84
39.82,-3196.30
39.83,-3208.48
39.84,-3222.13
39.85,-3236.30
39.86,-3251.36
39.87,-3267.22
39.88,-3283.67
39.89,-3299.74
39.9,-3316.33
39.91,-3332.81
39.92,-3349.51
39.93,-3365.52
39.94,-3379.58
39.95,-3391.78
39.96,-3402.32
39.97,-3411.66
39.98,-3420.27
39.99,-3428.61
40,-3436.43
40.01,-3443.68
40.02,-3450.39
40.03,-3456.48
40.04,-3461.84
40.05,-3466.80
40.06,-3471.70
40.07,-3476.22
40.08,-3480.88
40.09,-3484.99
40.1,-3488.10
40.11,-3488.10
40.12,-3487.30
40.13,-3485.29
40.14,-3482.72
40.15,-3480.39
40.16,-3478.62
40.17,-3477.41
40.18,-3476.48
40.19,-3475.42
40.2,-3474.53
40.21,-3474.14
40.22,-3474.42
40.23,-3475.21
40.24,-3476.16
40.25,-3477.05
40.26,-3477.89
40.27,-3478.46
40.28,-3478.64
40.29,-3478.39
40.3,-3477.44
40.31,-3476.07
40.32,-3474.53
40.33,-3473.00
40.34,-3471.61
40.35,-3470.50
40.36,-3469.79
40.37,-3469.64
40.38,-3470.12
40.39,-3471.51
40.4,-3471.51
40.41,-3477.97
40.42,-3487.26
40.43,-3499.92
40.44,-3516.28
40.45,-3536.82
40.46,-3561.92
40.47,-3591.49
40.48,-3623.87
40.49,-3659.39
40.5,-3696.89
40.51,-3733.88
40.52,-3769.39
40.53,-3801.68
40.54,-3833.45
40.55,-3858.79
40.56,-3877.34
40.57,-3877.34
40.58,-3877.98
40.59,-3877.98
40.6,-3892.08
40.61,-3908.13
40.62,-3920.69
40.63,-3924.46
40.64,-3915.93
40.65,-3897.68
40.66,-3872.49
40.67,-3840.59
40.68,-3802.36
40.69,-3761.54
40.7,-3721.58
40.71,-3685.94
40.72,-3657.77
40.73,-3640.33
40.74,-3632.31
40.75,-3629.24
40.76,-3630.57
40.77,-3628.50
40.78,-3622.49
40.79,-3612.53
40.8,-3593.37
40.81,-3570.50
40.82,-3545.73
40.83,-3519.66
40.84,-3497.35
40.85,-3478.64
40.86,-3462.38
40.87,-3450.91
40.88,-3442.26
40.89,-3434.70
40.9,-3429.15
40.91,-3423.56
40.92,-3416.43
40.93,-3408.90
40.94,-3400.36
40.95,-3390.29
40.96,-3378.67
40.97,-3369.26
40.98,-3360.66
40.99,-3356.26
41,-3356.26
41.01,-3364.91
41.02,-3373.73
41.03,-3378.96
41.04,-3377.73
41.05,-3371.42
41.06,-3365.57
41.07,-3361.12
41.08,-3361.12
41.09,-3360.79
41.1,-3362.86
41.11,-3367.51
41.12,-3373.07
41.13,-3381.21
41.14,-3391.27
41.15,-3401.91
41.16,-3416.87
41.17,-3430.59
41.18,-3444.27
41.19,-3461.47
41.2,-3481.17
41.21,-3503.89
41.22,-3527.14
41.23,-3548.91
41.24,-3568.02
41.25,-3585.99
41.26,-3603.19
41.27,-3619.29
41.28,-3634.92
41.29,-3650.16
41.3,-3665.10
41.31,-3678.99
41.32,-3691.88
41.33,-3703.21
41.34,-3712.54
41.35,-3720.55
41.36,-3727.31
41.37,-3732.83
41.38,-3737.36
41.39,-3737.36
41.4,-3738.50
41.41,-3738.29
41.42,-3737.04
41.43,-3735.10
41.44,-3732.96
41.45,-3730.89
41.46,-3729.09
41.47,-3727.65
41.48,-3726.49
41.49,-3725.57
41.5,-3724.66
41.51,-3723.99
41.52,-3723.85
41.53,-3724.73
41.54,-3727.09
41.55,-3727.09
41.56,-3727.09
41.57,-3727.52
41.58,-3726.27
41.59,-3723.56
41.6,-3723.56
41.61,-3723.56
41.62,-3722.57
41.63,-3722.65
41.64,-3723.36
41.65,-3724.44
41.66,-3725.72
41.67,-3726.99
41.68,-3728.23
41.69,-3729.49
41.7,-3731.06
41.71,-3733.36
41.72,-3733.36
41.73,-3739.52
41.74,-3747.71
41.75,-3758.64
41.76,-3772.85
41.77,-3791.02
41.78,-3813.70
41.79,-3841.38
41.8,-3873.67
41.81,-3909.40
41.82,-3946.80
41.83,-3983.80
41.84,-4018.26
41.85,-4050.44
41.86,-4082.96
41.87,-4109.18
41.88,-4128.40
41.89,-4140.35
41.9,-4140.35
41.91,-4140.88
41.92,-4141.44
41.93,-4141.62
41.94,-4141.45
41.95,-4141.45
41.96,-4140.80
41.97,-4135.75
41.98,-4123.34
41.99,-4101.30
42,-4071.20
42.01,-4033.43
42.02,-3992.62
42.03,-3952.46
42.04,-3914.51
42.05,-3881.60
42.06,-3859.82
42.07,-3845.97
42.08,-3837.78
42.09,-3835.47
42.1,-3830.08
42.11,-3822.15
42.12,-3813.24
42.13,-3796.08
42.14,-3774.05
42.15,-3750.50
42.16,-3723.99
42.17,-3698.94
42.18,-3677.16
42.19,-3657.29
42.2,-3640.55
42.21,-3627.33
42.22,-3614.96
42.23,-3603.79
42.24,-3593.69
42.25,-3583.74
42.26,-3573.93
42.27,-3563.22
42.28,-3552.28
42.29,-3541.07
42.3,-3533.46
42.31,-3530.52
42.32,-3532.30
42.33,-3539.56
42.34,-3549.44
42.35,-3561.48
42.36,-3573.57
42.37,-3579.25
42.38,-3579.78
42.39,-3582.45
42.4,-3591.47
42.41,-3602.69
42.42,-3611.08
42.43,-3617.40
42.44,-3623.32
42.45,-3629.88
42.46,-3637.18
42.47,-3646.22
42.48,-3656.32
42.49,-3667.81
42.5,-3680.96
42.51,-3690.68
42.52,-3697.40
42.53,-3697.40
42.54,-3697.40
42.55,-3701.72
42.56,-3707.08
42.57,-3712.15
42.58,-3716.88
42.59,-3721.62
42.6,-3726.83
42.61,-3732.44
42.62,-3738.49
42.63,-3744.85
42.64,-3750.34
42.65,-3754.89
42.66,-3754.89
42.67,-3755.88
42.68,-3757.49
42.69,-3757.49
42.7,-3762.41
42.71,-3767.98
42.72,-3774.29
42.73,-3781.32
42.74,-3789.18
42.75,-3798.04
42.76,-3807.67
42.77,-3817.77
42.78,-3827.79
42.79,-3837.00
42.8,-3844.86
42.81,-3850.89
42.82,-3854.99
42.83,-3854.99
42.84,-3857.43
42.85,-3859.69
42.86,-3861.28
42.87,-3861.76
42.88,-3861.71
42.89,-3861.24
42.9,-3860.81
42.91,-3859.98
42.92,-3859.26
42.93,-3858.82
42.94,-3858.58
42.95,-3859.57
42.96,-3861.11
42.97,-3862.85
42.98,-3864.60
42.99,-3865.89
43,-3867.00
43.01,-3867.00
43.02,-3869.31
43.03,-3872.37
43.04,-3874.93
43.05,-3877.30
43.06,-3880.45
43.07,-3884.43
43.08,-3889.69
43.09,-3895.68
43.1,-3900.93
43.11,-3904.86
43.12,-3904.86
43.13,-3905.45
43.14,-3905.62
43.15,-3905.36
43.16,-3904.59
43.17,-3903.37
43.18,-3901.57
43.19,-3899.24
43.2,-3896.50
43.21,-3896.50
43.22,-3892.52
43.23,-3888.55
43.24,-3888.55
43.25,-3888.59
43.26,-3889.90
43.27,-3892.39
43.28,-3892.39
43.29,-3896.28
43.3,-3901.37
43.31,-3907.53
43.32,-3914.83
43.33,-3923.79
43.34,-3932.19
43.35,-3939.33
43.36,-3943.60
43.37,-3946.20
43.38,-3947.16
43.39,-3947.93
43.4,-3950.62
43.41,-3953.22
43.42,-3956.15
43.43,-3958.09
43.44,-3957.70
43.45,-3954.68
43.46,-3949.60
43.47,-3942.77
43.48,-3934.19
43.49,-3925.35
43.5,-3917.22
43.51,-3910.07
43.52,-3904.55
43.53,-3900.02
43.54,-3895.85
43.55,-3890.95
43.56,-3886.58
43.57,-3885.28
43.58,-3887.23
43.59,-3893.96
43.6,-3903.52
43.61,-3912.84
43.62,-3921.37
43.63,-3928.04
43.64,-3933.21
43.65,-3936.51
43.66,-3937.40
43.67,-3936.01
43.68,-3932.12
43.69,-3925.48
43.7,-3917.33
43.71,-3907.87
43.72,-3898.49
43.73,-3892.19
43.74,-3889.30
43.75,-3890.21
43.76,-3894.42
43.77,-3901.00
43.78,-3909.17
43.79,-3919.39
43.8,-3931.43
43.81,-3945.01
43.82,-3958.14
43.83,-3974.03
43.84,-3990.90
43.85,-4008.50
43.86,-4028.90
43.87,-4046.17
43.88,-4058.78
43.89,-4065.03
43.9,-4065.65
43.91,-4061.69
43.92,-4054.95
43.93,-4049.69
43.94,-4044.57
43.95,-4039.80
43.96,-4036.02
43.97,-4030.81
43.98,-4030.81
43.99,-4030.81
44,-4034.17
44.01,-4036.31
44.02,-4037.37
44.03,-4036.54
44.04,-4036.33
44.05,-4037.74
44.06,-4041.87
44.07,-4049.51
44.08,-4057.74
44.09,-4064.90
44.1,-4070.35
44.11,-4073.48
44.12,-4076.39
44.13,-4080.98
44.14,-4085.77
44.15,-4091.28
44.16,-4095.99
44.17,-4098.28
44.18,-4099.32
44.19,-4097.91
44.2,-4097.38
44.21,-4097.41
44.22,-4099.42
44.23,-4103.68
44.24,-4107.69
44.25,-4112.40
44.26,-4116.51
44.27,-4120.81
44.28,-4125.36
44.29,-4130.24
44.3,-4135.25
44.31,-4139.93
44.32,-4143.85
44.33,-4143.85
44.34,-4144.73
44.35,-4145.09
44.36,-4145.37
44.37,-4145.37
44.38,-4145.10
44.39,-4144.64
44.4,-4143.88
44.41,-4142.99
44.42,-4142.33
44.43,-4142.11
44.44,-4142.55
44.45,-4143.61
44.46,-4143.61
44.47,-4146.36
44.48,-4149.80
44.49,-4154.44
44.5,-4159.36
44.51,-4164.82
44.52,-4169.83
44.53,-4173.77
44.54,-4177.37
44.55,-4180.45
44.56,-4183.43
44.57,-4186.33
44.58,-4188.73
44.59,-4190.95
44.6,-4192.81
44.61,-4194.33
44.62,-4195.99
44.63,-4197.38
44.64,-4199.32
44.65,-4201.79
44.66,-4204.26
44.67,-4207.59
44.68,-4210.68
44.69,-4214.00
44.7,-4217.33
44.71,-4220.25
44.72,-4223.52
44.73,-4226.56
44.74,-4229.86
44.75,-4232.87
44.76,-4234.83
44.77,-4236.92
44.78,-4239.39
44.79,-4243.11
44.8,-4248.65
44.81,-4254.08
44.82,-4258.68
44.83,-4262.19
44.84,-4265.11
44.85,-4267.94
44.86,-4270.97
44.87,-4273.74
44.88,-4276.46
44.89,-4279.33
44.9,-4282.55
44.91,-4286.14
44.92,-4290.10
44.93,-4294.52
44.94,-4299.02
44.95,-4303.15
44.96,-4306.67
44.97,-4309.20
44.98,-4309.20
44.99,-4309.71
45,-4309.79
45.01,-4309.25
45.02,-4308.01
45.03,-4306.22
45.04,-4303.93
45.05,-4301.54
45.06,-4301.54
45.07,-4301.81
45.08,-4303.39
45.09,-4306.21
45.1,-4309.77
45.11,-4314.20
45.12,-4319.24
45.13,-4324.99
45.14,-4332.51
45.15,-4339.65
45.16,-4347.57
45.17,-4355.89
45.18,-4362.79
45.19,-4369.77
45.2,-4376.13
45.21,-4381.57
45.22,-4387.06
45.23,-4391.95
45.24,-4395.42
45.25,-4398.49
45.26,-4400.83
45.27,-4402.33
45.28,-4403.64
45.29,-4404.21
45.3,-4403.88
45.31,-4404.55
45.32,-4404.60
45.33,-4405.15
45.34,-4407.13
45.35,-4408.19
45.36,-4411.09
45.37,-4414.03
45.38,-4416.60
45.39,-4419.95
45.4,-4422.73
45.41,-4426.59
45.42,-4431.62
45.43,-4437.71
45.44,-4445.33
45.45,-4453.60
45.46,-4462.78
45.47,-4473.40
45.48,-4485.68
45.49,-4498.92
45.5,-4516.18
45.51,-4536.25
45.52,-4559.90
45.53,-4579.14
45.54,-4591.63
45.55,-4598.26
45.56,-4598.26
45.57,-4598.63
45.58,-4599.01
45.59,-4599.39
45.6,-4599.74
45.61,-4600.08
45.62,-4600.39
45.63,-4600.70
45.64,-4601.00
45.65,-4601.31
45.66,-4601.61
45.67,-4601.91
45.68,-4602.20
45.69,-4602.49
45.7,-4602.80
45.71,-4603.10
45.72,-4603.39
45.73,-4603.67
45.74,-4603.96
45.75,-4604.23
45.76,-4604.47
45.77,-4604.51
45.78,-4604.51
45.79,-4592.62
45.8,-4574.56
45.81,-4553.45
45.82,-4531.00
45.83,-4508.46
45.84,-4488.60
45.85,-4471.57
45.86,-4457.65
45.87,-4447.43
45.88,-4441.07
45.89,-4438.69
45.9,-4440.09
45.91,-4444.86
45.92,-4451.88
45.93,-4460.51
45.94,-4469.84
45.95,-4478.54
45.96,-4486.58
45.97,-4494.51
45.98,-4501.97
45.99,-4509.47
46,-4516.79
46.01,-4523.54
46.02,-4528.83
46.03,-4532.88
46.04,-4535.29
46.05,-4535.65
46.06,-4535.63
46.07,-4535.22
46.08,-4534.53
46.09,-4533.79
46.1,-4532.19
46.11,-4530.69
46.12,-4529.12
46.13,-4527.20
46.14,-4527.14
46.15,-4527.00
46.16,-4526.69
46.17,-4527.75
46.18,-4529.04
46.19,-4531.90
46.2,-4536.32
46.21,-4541.90
46.22,-4548.92
46.23,-4555.99
46.24,-4564.26
46.25,-4573.47
46.26,-4582.72
46.27,-4592.80
46.28,-4603.07
46.29,-4614.26
46.3,-4623.56
46.31,-4633.57
46.32,-4645.17
46.33,-4655.13
46.34,-4668.45
46.35,-4678.99
46.36,-4683.66
46.37,-4684.66
46.38,-4679.95
46.39,-4673.47
46.4,-4668.02
46.41,-4663.77
46.42,-4663.77
46.43,-4665.86
46.44,-4665.86
46.45,-4671.23
46.46,-4677.39
46.47,-4684.47
46.48,-4692.62
46.49,-4701.86
46.5,-4712.38
46.51,-4723.34
46.52,-4731.88
46.53,-4737.69
46.54,-4737.69
46.55,-4737.74
46.56,-4737.80
46.57,-4737.87
46.58,-4737.94
46.59,-4738.02
46.6,-4738.10
46.61,-4738.17
46.62,-4738.23
46.63,-4738.29
46.64,-4738.36
46.65,-4738.42
46.66,-4738.47
46.67,-4738.51
46.68,-4738.56
46.69,-4738.56
46.7,-4749.84
46.71,-4762.46
46.72,-4773.89
46.73,-4778.72
46.74,-4776.89
46.75,-4769.47
46.76,-4754.97
46.77,-4730.89
46.78,-4698.30
46.79,-4659.73
46.8,-4618.91
46.81,-4578.70
46.82,-4542.30
46.83,-4512.68
46.84,-4491.57
46.85,-4478.78
46.86,-4471.31
46.87,-4466.25
46.88,-4461.17
46.89,-4455.45
46.9,-4448.44
46.91,-4440.54
46.92,-4432.94
46.93,-4426.32
46.94,-4419.47
46.95,-4412.47
46.96,-4409.16
46.97,-4406.09
46.98,-4409.14
46.99,-4416.97
47,-4424.56
47.01,-4434.26
47.02,-4442.51
47.03,-4449.59
47.04,-4456.65
47.05,-4464.55
47.06,-4471.82
47.07,-4479.03
47.08,-4485.63
47.09,-4491.24
47.1,-4496.32
47.11,-4500.59
47.12,-4503.97
47.13,-4506.53
47.14,-4508.92
47.15,-4511.64
47.16,-4514.84
47.17,-4518.77
47.18,-4523.35
47.19,-4526.98
47.2,-4528.99
47.21,-4531.71
47.22,-4534.47
47.23,-4538.36
47.24,-4546.84
47.25,-4554.35
47.26,-4559.14
47.27,-4563.29
47.28,-4568.65
47.29,-4577.00
47.3,-4589.93
47.31,-4604.88
47.32,-4618.51
47.33,-4631.90
47.34,-4645.89
47.35,-4661.20
47.36,-4676.54
47.37,-4691.64
47.38,-4706.27
47.39,-4720.22
47.4,-4733.53
47.41,-4746.46
47.42,-4759.69
47.43,-4774.20
47.44,-4790.68
47.45,-4809.09
47.46,-4825.23
47.47,-4836.95
47.48,-4836.95
47.49,-4837.05
47.5,-4837.11
47.51,-4837.19
47.52,-4837.30
47.53,-4837.43
47.54,-4837.59
47.55,-4837.75
47.56,-4837.91
47.57,-4838.06
47.58,-4838.21
47.59,-4838.35
47.6,-4838.46
47.61,-4838.54
47.62,-4838.58
47.63,-4838.59
47.64,-4838.61
47.65,-4838.65
47.66,-4838.72
47.67,-4838.86
47.68,-4838.86
47.69,-4860.64
47.7,-4889.93
47.71,-4920.03
47.72,-4940.01
47.73,-4948.75
47.74,-4948.48
47.75,-4943.07
47.76,-4931.09
47.77,-4910.12
47.78,-4880.39
47.79,-4843.49
47.8,-4802.87
47.81,-4762.18
47.82,-4724.48
47.83,-4692.69
47.84,-4669.03
47.85,-4652.93
47.86,-4641.08
47.87,-4630.04
47.88,-4616.14
47.89,-4598.12
47.9,-4574.79
47.91,-4545.94
47.92,-4513.24
47.93,-4477.24
47.94,-4439.47
47.95,-4401.48
47.96,-4362.96
47.97,-4328.17
47.98,-4296.03
47.99,-4265.62
48,-4238.49
48.01,-4216.14
48.02,-4205.39
48.03,-4207.81
48.04,-4218.01
48.05,-4226.51
48.06,-4233.67
48.07,-4239.31
48.08,-4248.64
48.09,-4266.25
48.1,-4285.65
48.11,-4306.59
48.12,-4328.37
48.13,-4351.10
48.14,-4374.86
48.15,-4398.27
48.16,-4419.88
48.17,-4439.32
48.18,-4456.24
48.19,-4470.67
48.2,-4483.17
48.21,-4493.50
48.22,-4502.23
48.23,-4509.77
48.24,-4516.81
48.25,-4525.08
48.26,-4535.97
48.27,-4549.48
48.28,-4564.06
48.29,-4578.18
48.3,-4590.51
48.31,-4600.73
48.32,-4610.05
48.33,-4619.19
48.34,-4628.22
48.35,-4637.06
48.36,-4645.13
48.37,-4652.05
48.38,-4658.26
48.39,-4665.24
48.4,-4674.61
48.41,-4686.53
48.42,-4700.55
48.43,-4715.32
48.44,-4728.97
48.45,-4741.58
48.46,-4755.19
48.47,-4770.37
48.48,-4787.67
48.49,-4808.07
48.5,-4830.20
48.51,-4853.52
48.52,-4881.34
48.53,-4912.04
48.54,-4938.96
48.55,-4959.69
48.56,-4971.01
48.57,-4971.01
48.58,-4971.03
48.59,-4971.16
48.6,-4971.28
48.61,-4971.41
48.62,-4971.51
48.63,-4971.59
48.64,-4971.63
48.65,-4971.68
48.66,-4971.74
48.67,-4971.80
48.68,-4971.84
48.69,-4971.84
48.7,-4972.00
48.71,-4970.60
48.72,-4967.47
48.73,-4962.33
48.74,-4953.64
48.75,-4939.53
48.76,-4918.28
48.77,-4888.59
48.78,-4852.32
48.79,-4813.49
48.8,-4773.80
48.81,-4737.23
48.82,-4706.86
48.83,-4681.78
48.84,-4662.77
48.85,-4650.33
48.86,-4639.66
48.87,-4631.30
48.88,-4624.54
48.89,-4614.14
48.9,-4602.42
48.91,-4587.83
48.92,-4570.14
48.93,-4552.03
48.94,-4533.82
48.95,-4517.23
48.96,-4503.24
48.97,-4491.93
48.98,-4482.42
48.99,-4475.35
49,-4467.87
49.01,-4462.14
49.02,-4456.23
49.03,-4448.06
49.04,-4440.47
49.05,-4430.89
49.06,-4421.29
49.07,-4412.21
49.08,-4402.27
49.09,-4390.25
49.1,-4376.04
49.11,-4360.21
49.12,-4343.50
49.13,-4328.05
49.14,-4315.53
49.15,-4306.73
49.16,-4301.39
49.17,-4298.09
49.18,-4295.71
49.19,-4294.46
49.2,-4296.42
49.21,-4303.20
49.22,-4314.53
49.23,-4329.45
49.24,-4346.41
49.25,-4364.31
49.26,-4383.60
49.27,-4403.84
49.28,-4424.20
49.29,-4444.18
49.3,-4464.04
49.31,-4483.96
49.32,-4504.58
49.33,-4524.43
49.34,-4542.41
49.35,-4558.23
49.36,-4571.60
49.37,-4584.37
49.38,-4596.11
49.39,-4606.81
49.4,-4616.42
49.41,-4624.51
49.42,-4631.41
49.43,-4637.24
49.44,-4642.30
49.45,-4646.86
49.46,-4651.26
49.47,-4655.14
49.48,-4655.14
49.49,-4655.76
49.5,-4655.12
49.51,-4653.08
49.52,-4649.98
49.53,-4649.98
49.54,-4646.37
49.55,-4646.37
49.56,-4646.12
49.57,-4647.42
49.58,-4647.42
49.59,-4653.72
49.6,-4662.03
49.61,-4672.53
49.62,-4685.54
49.63,-4701.72
49.64,-4721.39
49.65,-4746.42
49.66,-4776.79
49.67,-4811.88
49.68,-4850.79
49.69,-4890.74
49.7,-4929.63
49.71,-4962.37
49.72,-4984.94
49.73,-4997.65
49.74,-4997.65
49.75,-4997.81
49.76,-4997.81
49.77,-4997.94
49.78,-4998.10
49.79,-4998.26
49.8,-4998.42
49.81,-4998.42
49.82,-4998.80
49.83,-4997.66
49.84,-4994.57
49.85,-4988.93
49.86,-4977.89
49.87,-4958.34
49.88,-4930.64
49.89,-4895.04
49.9,-4854.44
49.91,-4813.69
49.92,-4774.00
49.93,-4738.38
49.94,-4711.45
49.95,-4692.07
49.96,-4679.89
49.97,-4675.02
49.98,-4670.53
49.99,-4666.47
50,-4662.73
50.01,-4653.82
50.02,-4641.10
50.03,-4625.90
50.04,-4606.78
50.05,-4586.69
50.06,-4567.47
50.07,-4548.92
50.08,-4533.19
50.09,-4519.94
50.1,-4507.22
50.11,-4496.09
50.12,-4485.23
50.13,-4474.52
50.14,-4466.07
50.15,-4454.89
50.16,-4444.61
50.17,-4434.08
50.18,-4425.68
50.19,-4421.77
50.2,-4420.23
50.21,-4421.24
50.22,-4421.56
50.23,-4422.04
50.24,-4420.74
50.25,-4418.05
50.26,-4412.85
50.27,-4407.13
50.28,-4402.85
50.29,-4400.96
50.3,-4401.81
50.31,-4403.96
50.32,-4403.96
50.33,-4403.96
50.34,-4411.14
50.35,-4424.65
50.36,-4440.46
50.37,-4454.89
50.38,-4466.33
50.39,-4472.30
50.4,-4478.68
50.41,-4488.21
50.42,-4498.54
50.43,-4509.64
50.44,-4520.30
50.45,-4531.86
50.46,-4545.82
50.47,-4561.09
50.48,-4576.98
50.49,-4591.87
50.5,-4605.10
50.51,-4617.74
50.52,-4629.49
50.53,-4640.26
50.54,-4650.11
50.55,-4658.98
50.56,-4666.68
50.57,-4673.43
50.58,-4679.31
50.59,-4684.39
50.6,-4689.14
50.61,-4693.38
50.62,-4697.73
50.63,-4702.25
50.64,-4707.02
50.65,-4712.02
50.66,-4716.91
50.67,-4721.58
50.68,-4726.09
50.69,-4730.31
50.7,-4734.16
50.71,-4734.16
50.72,-4735.90
50.73,-4736.92
50.74,-4737.33
50.75,-4737.11
50.76,-4736.33
50.77,-4735.16
50.78,-4733.47
50.79,-4731.37
50.8,-4728.79
50.81,-4725.68
50.82,-4722.32
50.83,-4718.87
50.84,-4715.58
50.85,-4712.45
50.86,-4709.59
50.87,-4707.21
50.88,-4705.58
50.89,-4705.13
50.9,-4705.99
50.91,-4705.99
50.92,-4711.79
50.93,-4719.73
50.94,-4730.27
50.95,-4743.65
50.96,-4760.26
50.97,-4780.15
50.98,-4803.43
50.99,-4830.36
51,-4861.44
51.01,-4896.55
51.02,-4934.47
51.03,-4973.44
51.04,-5011.35
51.05,-5042.59
51.06,-5064.04
51.07,-5077.77
51.08,-5081.36
51.09,-5081.41
51.1,-5081.39
51.11,-5081.39
51.12,-5081.54
51.13,-5081.70
51.14,-5081.88
51.15,-5082.07
51.16,-5082.24
51.17,-5082.24
51.18,-5082.66
51.19,-5081.54
51.2,-5078.94
51.21,-5072.90
51.22,-5061.81
51.23,-5042.53
51.24,-5014.58
51.25,-4979.31
51.26,-4939.01
51.27,-4898.25
51.28,-4858.18
51.29,-4821.50
51.3,-4792.21
51.31,-4769.77
51.32,-4754.25
51.33,-4745.39
51.34,-4739.18
51.35,-4735.20
51.36,-4732.84
51.37,-4728.26
51.38,-4720.63
51.39,-4710.39
51.4,-4696.55
51.41,-4680.56
51.42,-4663.83
51.43,-4647.09
51.44,-4631.18
51.45,-4616.97
51.46,-4604.01
51.47,-4592.35
51.48,-4581.98
51.49,-4572.26
51.5,-4562.80
51.51,-4553.28
51.52,-4543.73
51.53,-4534.00
51.54,-4524.62
51.55,-4515.55
51.56,-4507.13
51.57,-4498.05
51.58,-4487.85
51.59,-4478.73
51.6,-4469.73
51.61,-4463.77
51.62,-4463.77
51.63,-4468.97
51.64,-4473.70
51.65,-4476.88
51.66,-4476.64
51.67,-4472.34
51.68,-4465.81
51.69,-4458.91
51.7,-4453.53
51.71,-4450.69
51.72,-4448.91
51.73,-4448.91
51.74,-4447.22
51.75,-4447.22
51.76,-4447.22
51.77,-4461.39
51.78,-4477.88
51.79,-4496.86
51.8,-4512.83
51.81,-4526.83
51.82,-4543.33
51.83,-4563.15
51.84,-4586.03
51.85,-4610.85
51.86,-4634.43
51.87,-4655.75
51.88,-4676.00
51.89,-4695.91
51.9,-4714.59
51.91,-4731.55
51.92,-4746.59
51.93,-4759.72
51.94,-4771.28
51.95,-4781.42
51.96,-4789.67
51.97,-4796.14
51.98,-4801.20
51.99,-4801.20
52,-4802.29
52.01,-4802.47
52.02,-4802.18
52.03,-4801.40
52.04,-4800.33
52.05,-4798.98
52.06,-4797.40
52.07,-4795.65
52.08,-4793.52
52.09,-4790.99
52.1,-4787.97
52.11,-4784.64
52.12,-4781.12
52.13,-4777.93
52.14,-4775.18
52.15,-4772.89
52.16,-4771.01
52.17,-4769.36
52.18,-4768.15
52.19,-4767.35
52.2,-4766.93
52.21,-4766.41
52.22,-4764.94
52.23,-4762.73
52.24,-4759.63
52.25,-4756.11
52.26,-4753.11
52.27,-4750.91
52.28,-4750.36
52.29,-4751.70
52.3,-4751.70
52.31,-4759.88
52.32,-4771.13
52.33,-4785.97
52.34,-4804.70
52.35,-4827.68
52.36,-4855.11
52.37,-4887.03
52.38,-4922.42
52.39,-4959.66
52.4,-4997.12
52.41,-5032.85
52.42,-5067.05
52.43,-5093.75
52.44,-5111.57
52.45,-5111.57
52.46,-5111.66
52.47,-5111.82
52.48,-5112.00
52.49,-5112.17
52.5,-5112.31
52.51,-5112.43
52.52,-5112.50
52.53,-5112.54
52.54,-5112.52
52.55,-5112.52
52.56,-5110.68
52.57,-5107.22
52.58,-5101.74
52.59,-5090.60
52.6,-5070.94
52.61,-5042.76
52.62,-5006.29
52.63,-4965.75
52.64,-4925.31
52.65,-4887.46
52.66,-4854.77
52.67,-4830.78
52.68,-4816.66
52.69,-4807.43
52.7,-4804.39
52.71,-4802.88
52.72,-4798.78
52.73,-4795.74
52.74,-4788.51
52.75,-4777.26
52.76,-4764.67
52.77,-4749.08
52.78,-4731.26
52.79,-4713.27
52.8,-4694.95
52.81,-4677.22
52.82,-4661.81
52.83,-4647.60
52.84,-4635.07
52.85,-4624.54
52.86,-4614.93
52.87,-4607.17
52.88,-4595.39
52.89,-4582.77
52.9,-4570.84
52.91,-4564.23
52.92,-4563.03
52.93,-4566.51
52.94,-4571.25
52.95,-4574.96
52.96,-4575.69
52.97,-4571.81
52.98,-4565.46
52.99,-4558.21
53,-4552.19
53.01,-4549.09
53.02,-4547.26
53.03,-4547.26
53.04,-4546.67
53.05,-4546.67
53.06,-4553.19
53.07,-4563.85
53.08,-4577.13
53.09,-4591.22
53.1,-4604.97
53.11,-4614.19
53.12,-4620.64
53.13,-4627.83
53.14,-4637.37
53.15,-4650.05
53.16,-4666.02
53.17,-4684.57
53.18,-4704.94
53.19,-4728.82
53.2,-4754.77
53.21,-4780.69
53.22,-4805.51
53.23,-4827.20
53.24,-4845.90
53.25,-4862.03
53.26,-4875.25
53.27,-4885.69
53.28,-4893.20
53.29,-4893.20
53.3,-4893.60
53.31,-4892.52
53.32,-4890.81
53.33,-4888.62
53.34,-4886.15
53.35,-4883.94
53.36,-4882.02
53.37,-4880.27
53.38,-4878.82
53.39,-4877.82
53.4,-4877.28
53.41,-4877.23
53.42,-4877.65
53.43,-4878.40
53.44,-4879.45
53.45,-4880.53
53.46,-4881.50
53.47,-4882.27
53.48,-4883.02
53.49,-4883.71
53.5,-4884.24
53.51,-4884.66
53.52,-4884.71
53.53,-4884.52
53.54,-4884.28
53.55,-4883.95
53.56,-4883.83
53.57,-4883.44
53.58,-4882.69
53.59,-4881.22
53.6,-4879.29
53.61,-4877.17
53.62,-4875.29
53.63,-4874.06
53.64,-4873.86
53.65,-4874.75
53.66,-4876.81
53.67,-4876.81
53.68,-4884.29
53.69,-4894.65
53.7,-4908.20
53.71,-4924.88
53.72,-4944.85
53.73,-4967.68
53.74,-4992.97
53.75,-5020.51
53.76,-5050.09
53.77,-5081.77
53.78,-5114.82
53.79,-5147.79
53.8,-5179.63
53.81,-5206.54
53.82,-5225.05
53.83,-5235.90
53.84,-5235.90
53.85,-5235.91
53.86,-5236.13
53.87,-5236.28
53.88,-5236.42
53.89,-5236.53
53.9,-5236.62
53.91,-5236.71
53.92,-5236.71
53.93,-5253.16
53.94,-5268.08
53.95,-5278.51
53.96,-5276.94
53.97,-5265.64
53.98,-5251.53
53.99,-5233.11
54,-5207.39
54.01,-5174.42
54.02,-5135.53
54.03,-5094.73
54.04,-5053.93
54.05,-5015.33
54.06,-4983.25
54.07,-4957.86
54.08,-4940.37
54.09,-4931.63
54.1,-4927.40
54.11,-4925.85
54.12,-4926.71
54.13,-4925.30
54.14,-4919.29
54.15,-4910.17
54.16,-4895.64
54.17,-4876.18
54.18,-4855.24
54.19,-4832.71
54.2,-4810.39
54.21,-4791.22
54.22,-4774.06
54.23,-4759.31
54.24,-4748.02
54.25,-4737.80
54.26,-4728.47
54.27,-4720.76
54.28,-4712.32
54.29,-4703.14
54.3,-4692.40
54.31,-4681.48
54.32,-4673.30
54.33,-4666.98
54.34,-4665.42
54.35,-4666.58
54.36,-4669.58
54.37,-4669.58
54.38,-4664.91
54.39,-4658.45
54.4,-4651.92
54.41,-4646.62
54.42,-4642.74
54.43,-4642.74
54.44,-4641.81
54.45,-4641.92
54.46,-4643.12
54.47,-4643.12
54.48,-4648.30
54.49,-4656.03
54.5,-4665.46
54.51,-4675.53
54.52,-4686.79
54.53,-4699.87
54.54,-4714.86
54.55,-4732.20
54.56,-4750.66
54.57,-4768.58
54.58,-4785.97
54.59,-4802.92
54.6,-4819.45
54.61,-4835.47
54.62,-4851.12
54.63,-4865.92
54.64,-4880.10
54.65,-4893.65
54.66,-4906.10
54.67,-4917.52
54.68,-4928.21
54.69,-4938.49
54.7,-4948.41
54.71,-4958.06
54.72,-4967.25
54.73,-4975.53
54.74,-4983.21
54.75,-4990.51
54.76,-4997.27
54.77,-5003.55
54.78,-5009.05
54.79,-5013.80
54.8,-5017.94
54.81,-5021.50
54.82,-5024.80
54.83,-5028.04
54.84,-5031.28
54.85,-5034.38
54.86,-5034.38
54.87,-5034.38
54.88,-5033.08
54.89,-5030.78
54.9,-5027.82
54.91,-5027.82
54.92,-5023.91
54.93,-5019.49
54.94,-5014.54
54.95,-5009.28
54.96,-5003.88
54.97,-4998.76
54.98,-4994.33
54.99,-4990.59
55,-4990.59
55.01,-4989.84
55.02,-4990.00
55.03,-4991.20
55.04,-4993.21
55.05,-4993.21
55.06,-4999.45
55.07,-5007.52
55.08,-5017.59
55.09,-5029.77
55.1,-5044.38
55.11,-5061.66
55.12,-5082.02
55.13,-5105.59
55.14,-5132.41
55.15,-5161.79
55.16,-5192.70
55.17,-5224.19
55.18,-5255.09
55.19,-5286.30
55.2,-5315.67
55.21,-5337.40
55.22,-5351.91
55.23,-5351.91
55.24,-5352.30
55.25,-5352.74
55.26,-5353.16
55.27,-5353.56
55.28,-5353.93
55.29,-5354.33
55.3,-5354.54
55.31,-5354.58
55.32,-5354.58
55.33,-5353.03
55.34,-5349.72
55.35,-5343.20
55.36,-5329.48
55.37,-5307.00
55.38,-5276.17
55.39,-5238.34
55.4,-5197.56
55.41,-5158.03
55.42,-5121.96
55.43,-5092.21
55.44,-5072.55
55.45,-5060.56
55.46,-5053.70
55.47,-5051.93
55.48,-5049.24
55.49,-5046.06
55.5,-5041.81
55.51,-5031.08
55.52,-5016.78
55.53,-4998.71
55.54,-4976.63
55.55,-4955.03
55.56,-4933.79
55.57,-4914.06
55.58,-4898.62
55.59,-4885.24
55.6,-4874.01
55.61,-4865.15
55.62,-4855.88
55.63,-4846.67
55.64,-4836.98
55.65,-4824.25
55.66,-4810.18
55.67,-4799.10
55.68,-4789.26
55.69,-4782.21
55.7,-4779.88
55.71,-4777.35
55.72,-4776.90
55.73,-4779.50
55.74,-4783.32
55.75,-4788.36
55.76,-4792.89
55.77,-4792.89
55.78,-4787.16
55.79,-4781.17
55.8,-4775.70
55.81,-4771.64
55.82,-4768.43
55.83,-4765.04
55.84,-4765.04
55.85,-4765.04
55.86,-4769.68
55.87,-4775.18
55.88,-4783.99
55.89,-4794.65
55.9,-4807.83
55.91,-4824.20
55.92,-4839.44
55.93,-4854.94
55.94,-4870.48
55.95,-4885.63
55.96,-4902.00
55.97,-4918.89
55.98,-4936.03
55.99,-4952.84
56,-4968.88
56.01,-4985.26
56.02,-5001.87
56.03,-5017.81
56.04,-5032.40
56.05,-5045.25
56.06,-5056.07
56.07,-5064.88
56.08,-5071.99
56.09,-5077.82
56.1,-5083.46
56.11,-5089.05
56.12,-5095.02
56.13,-5101.44
56.14,-5107.59
56.15,-5113.81
56.16,-5119.81
56.17,-5125.30
56.18,-5130.12
56.19,-5134.25
56.2,-5134.25
56.21,-5136.31
56.22,-5137.77
56.23,-5138.75
56.24,-5139.31
56.25,-5139.55
56.26,-5139.51
56.27,-5139.75
56.28,-5140.30
56.29,-5141.84
56.3,-5141.84
56.31,-5146.36
56.32,-5151.19
56.33,-5155.57
56.34,-5158.86
56.35,-5158.86
56.36,-5160.23
56.37,-5161.99
56.38,-5163.29
56.39,-5163.83
56.4,-5163.83
56.41,-5163.13
56.42,-5162.24
56.43,-5162.00
56.44,-5162.75
56.45,-5162.75
56.46,-5170.28
56.47,-5181.01
56.48,-5195.26
56.49,-5214.23
56.5,-5239.34
56.51,-5270.71
56.52,-5307.04
56.53,-5345.44
56.54,-5382.89
56.55,-5418.38
56.56,-5453.11
56.57,-5480.73
56.58,-5500.12
56.59,-5500.12
56.6,-5500.75
56.61,-5501.45
56.62,-5502.16
56.63,-5502.73
56.64,-5503.17
 ,
 ,
 ,
 ,
 ,
 ,
 ,
 ,
 ,
 ,
 ,
 ,
 ,
 ,
 ,
 ,
 ,
 ,
 ,
 ,
 ,
 ,
 ,
 ,
 ,
 ,
 ,
 ,
 ,
 ,
 ,
 ,
 ,
 ,
